Age,Income,Gender,Marital_Status,Credit_Score,Num_Purchases,Membership_Years,Device_Used,Churn
56,70201.18968,Female,Married,687.761776,9,12,Desktop,0
69,51901.8974,Male,Single,712.6171152,3,14,Tablet,0
46,38605.40929,Male,Married,782.2996428,5,8,Mobile,0
32,49949.73696,Female,Single,697.7495177,7,1,Tablet,0
,48965.29009,Other,Married,663.1552157,4,4,Desktop,1
25,11326.76856,Female,Divorced,697.0610838,1,4,Desktop,1
38,41579.49711,,Divorced,687.6152197,5,6,Tablet,1
56,54713.05599,Female,Married,714.7087131,7,12,Tablet,0
36,43636.76652,Male,Divorced,540.0983695,3,12,Desktop,0
40,40306.85957,Male,Divorced,,3,2,Mobile,0
28,63670.64294,Male,Divorced,682.2308355,9,7,Tablet,0
28,36251.81263,,Single,644.9006983,1,5,Mobile,1
41,60674.33976,Other,Divorced,704.8916511,6,10,Mobile,0
53,30008.83294,Female,Single,784.4817334,6,6,Desktop,0
57,91411.42904,Female,Married,659.6751992,5,11,Desktop,0
41,46764.7171,Male,Divorced,698.4204756,4,14,Desktop,0
20,45151.02066,Other,Divorced,762.4385332,7,6,Mobile,0
39,67145.98854,Female,Divorced,661.3095154,7,14,Desktop,1
19,43719.42739,Other,Married,587.8075758,6,14,Desktop,0
41,71823.91712,Other,Single,693.1045194,5,12,Mobile,0
61,55573.90746,Male,Single,495.8833704,3,14,Mobile,1
47,48224.03149,Male,Divorced,489.1143073,5,11,Mobile,0
55,46624.91145,Other,Married,,3,6,Mobile,0
,68113.88256,Other,Married,485.8520732,1,10,Tablet,1
38,53457.30822,Other,Married,557.938258,2,12,Desktop,1
50,56484.63097,Other,Married,623.3931006,6,8,Tablet,1
29,58115.02809,Male,Married,599.5008555,4,10,Mobile,1
39,51994.04278,Female,Single,639.6535448,9,4,Mobile,1
61,57798.0834,Male,Single,727.9009099,4,10,Mobile,1
42,48225.14866,Female,Single,666.6936568,6,8,Mobile,1
66,49252.87052,Other,Divorced,591.2475719,8,9,Mobile,1
44,33213.27608,Female,Married,744.8108751,5,13,Desktop,1
59,54466.40376,Male,Divorced,549.9799934,3,13,Tablet,1
45,24206.8849,Male,Married,665.5318456,4,4,Tablet,0
33,54253.37106,Other,Single,542.1939817,3,1,Desktop,1
32,45790.75976,Male,Divorced,667.6622534,6,3,Desktop,1
64,55618.77664,Other,Single,627.6960817,6,1,Desktop,1
68,34267.57499,Male,Married,725.7566538,9,7,Tablet,1
61,18209.63948,Male,Married,700.448263,5,12,Tablet,1
69,44737.0204,Other,Married,608.9002468,5,1,Mobile,0
20,34311.30997,Female,Single,595.4742251,3,11,Tablet,0
54,23291.64975,Male,Married,627.9432287,8,4,Tablet,0
68,61519.74905,Female,Single,781.2900022,6,13,Desktop,1
24,74018.57341,Male,Divorced,763.3347937,5,14,Tablet,1
38,38045.72846,,Married,582.221227,1,1,Mobile,0
26,48863.43759,Male,Married,706.0157737,3,13,Tablet,1
56,45383.21575,Male,Married,528.7998,2,13,Desktop,1
35,40116.52367,Female,Divorced,,7,2,Desktop,0
21,59956.05821,Female,Married,585.0704953,2,11,Mobile,1
42,,,Single,724.849562,2,14,Mobile,1
31,36970.89216,Male,Single,559.6497736,8,1,Tablet,1
67,50671.50301,Female,Married,680.0545165,3,13,Mobile,1
26,69267.99551,Other,Married,650.0497085,6,5,Mobile,1
43,60335.54305,Other,Divorced,637.7185819,6,7,Desktop,1
19,62565.46158,Female,Divorced,767.0108066,2,3,Desktop,1
37,70519.77961,Male,Divorced,773.1788035,5,14,Tablet,0
45,70322.67759,Male,Married,639.8925027,2,8,Tablet,0
64,65429.63945,Other,Divorced,625.785859,2,14,Tablet,1
24,52174.06122,Other,Divorced,544.5188677,5,5,Tablet,1
61,44262.75474,Female,Single,649.7018709,4,5,Desktop,0
25,51552.16648,Other,Divorced,786.7312279,3,13,Tablet,0
64,41983.89971,Female,Single,640.9885262,5,5,Tablet,0
52,20712.6969,Other,Single,701.0131498,8,8,Mobile,0
31,45807.51401,Other,Divorced,552.1751873,7,2,Tablet,0
34,55362.89366,Other,Single,619.5657549,5,2,Mobile,0
53,41190.95873,Male,Married,682.3725714,6,14,Desktop,0
67,47108.30319,Male,Married,657.4103679,3,12,Tablet,1
57,47689.44926,Male,Divorced,707.7267134,5,8,Mobile,0
,70352.85161,Other,Married,607.8129681,8,9,Tablet,0
,44608.44089,Female,Single,527.5008016,5,11,Mobile,0
23,70349.50073,Female,Married,728.5463161,6,12,Tablet,1
59,9312.642622,Female,Divorced,584.4695498,5,10,Desktop,1
21,70217.83672,Female,Divorced,685.4622819,5,10,Desktop,1
46,69461.09172,Male,Single,681.5599807,7,2,Mobile,0
35,63533.8201,Male,Divorced,533.5372763,5,4,Mobile,0
43,19821.22995,Other,Married,723.4387792,4,8,Desktop,0
61,65283.30493,Other,Divorced,610.3402964,7,2,Tablet,1
51,49248.21236,Female,Single,653.8538235,6,4,Mobile,1
27,12059.9384,Male,Divorced,624.9272205,9,10,Desktop,1
53,69472.66562,Female,Married,763.5814052,4,13,Mobile,1
31,71662.59618,,Single,,1,13,Desktop,1
48,21432.31892,Other,Married,523.1365791,8,1,Desktop,1
65,52631.31613,Female,Single,808.1178985,5,2,Mobile,0
32,70828.86682,Other,Divorced,602.5185287,6,7,Mobile,1
25,68452.4197,Female,Single,797.1705674,5,1,Desktop,1
31,62540.91577,Male,Single,632.06533,6,12,Tablet,1
40,10291.2068,Female,Divorced,626.1358306,8,1,Desktop,1
57,60943.1415,Male,Married,632.6870587,2,2,Tablet,0
38,46728.44152,Male,Divorced,621.9447249,4,4,Tablet,0
33,64937.86293,Other,Single,826.7077576,1,7,Tablet,1
62,53842.42188,Other,Divorced,644.654576,6,4,Mobile,0
35,49701.77585,Other,Single,628.8392497,8,5,Desktop,0
64,59613.55774,Female,Divorced,655.390753,7,4,Desktop,0
41,47421.29943,Female,Divorced,582.2865362,6,4,Tablet,0
43,49635.8408,,Married,761.7984374,4,9,Tablet,0
42,41671.64001,Female,Single,547.0243415,3,6,Tablet,0
62,25918.86513,Other,Married,607.0193975,6,12,Desktop,0
58,58517.80211,,Single,715.5662217,6,3,Tablet,1
46,37909.5452,Male,Divorced,652.9646492,3,6,Desktop,0
32,46988.12201,Male,Single,688.4450628,1,13,Desktop,1
62,54304.60938,Other,Married,757.3214882,8,7,Mobile,0
18,18721.73535,Female,Married,720.2661084,2,7,Tablet,0
42,22079.76644,Female,Married,659.6233442,5,8,Tablet,0
24,45503.92135,Male,Single,796.2539855,4,13,Tablet,1
26,,,Married,606.0164696,6,4,Mobile,0
41,61160.57406,Other,Married,642.9783251,4,1,Tablet,1
18,26130.28256,Male,Married,647.8691768,5,6,Desktop,0
61,59549.47227,Other,Divorced,642.8304764,5,8,Tablet,0
25,,Male,Divorced,575.155254,6,5,Desktop,1
41,36752.64132,Male,Single,539.1445122,3,13,Desktop,0
28,40271.72216,Female,Single,679.2041102,5,3,Desktop,0
,62027.85998,Male,Married,605.656835,5,4,Desktop,0
34,54110.08678,Male,Divorced,783.5466152,4,8,Tablet,1
25,50754.59784,Other,Married,644.9220374,4,6,Mobile,0
52,53652.43608,Male,Married,632.395752,4,13,Mobile,0
52,63921.46665,Other,Divorced,,4,13,Desktop,0
50,48543.50649,Male,Divorced,678.1534846,6,5,Tablet,1
22,50814.7833,Male,Divorced,637.7137801,6,13,Mobile,0
59,,Other,Single,605.1487777,6,9,Tablet,1
56,45026.20064,Female,Single,906.0391263,7,10,Mobile,0
58,59272.10893,Other,Married,675.3250034,5,3,Desktop,0
45,42444.43279,Other,Single,725.9100704,8,7,Desktop,1
24,43761.98988,Other,Divorced,578.3938136,4,9,Desktop,1
26,48439.25365,Female,Divorced,609.541023,5,11,Mobile,1
25,57729.09279,Male,Single,797.8642122,1,13,Tablet,1
29,67912.72944,Other,Married,747.7851658,7,11,Desktop,1
51,,Other,Married,682.0335473,5,12,Tablet,0
50,27502.44633,Female,Single,623.2900376,9,4,Tablet,0
65,59471.6944,Other,Married,633.617496,5,10,Desktop,1
40,86807.63261,Male,Married,602.6722485,8,10,Mobile,0
41,51630.03247,Female,Married,569.0205469,9,3,Desktop,0
54,24368.48541,Male,Divorced,714.6690929,5,1,Desktop,1
52,52544.79334,Male,Divorced,687.7181856,9,9,Mobile,1
61,49954.81095,Female,Single,701.5255171,5,13,Tablet,1
57,48693.36735,Other,Divorced,626.4171408,6,1,Mobile,0
39,64181.1485,Male,Married,667.8947283,3,2,Mobile,1
44,70674.1218,Male,Divorced,619.7569365,5,9,Desktop,0
52,60253.78618,Male,Single,599.0884356,5,5,Mobile,1
,48004.12873,Male,Divorced,766.6943705,8,4,Mobile,1
52,66885.18177,Female,Married,658.5055108,7,9,Mobile,1
54,27592.55538,Female,Married,685.5218037,8,9,Tablet,1
64,39259.15819,Male,Single,708.502781,12,2,Tablet,0
31,40930.58332,Other,Divorced,659.382862,2,3,Desktop,0
20,49535.74028,Male,Divorced,666.8442921,6,12,Desktop,0
18,57601.01994,Other,Divorced,573.9362376,4,3,Tablet,1
22,46989.30577,Male,Married,587.271948,7,5,Mobile,0
43,36409.46308,Other,Single,583.6529671,4,13,Desktop,0
,64622.75427,Male,Divorced,692.3820892,4,3,Desktop,0
56,46468.14917,Other,Married,654.9623457,3,10,Mobile,1
,51531.93381,Male,Married,,6,6,Mobile,0
26,58266.01618,,Married,690.6069189,6,2,Mobile,1
32,,Other,Divorced,688.0419523,4,6,Mobile,1
32,50649.07542,Female,Divorced,601.3523806,7,6,Mobile,0
43,65457.10131,Other,Divorced,648.0520719,6,2,Tablet,0
59,52270.54212,Female,Divorced,688.2999173,6,6,Mobile,1
30,62941.95479,Male,Divorced,589.9151252,6,6,Desktop,1
68,58170.01166,Other,Divorced,689.6358735,2,6,Tablet,1
49,,Other,Divorced,671.0716523,4,12,Desktop,0
56,56141.20127,Other,Divorced,580.0560206,2,13,Mobile,1
66,59569.59905,Female,Divorced,665.3857714,4,14,Desktop,1
69,66524.85071,Female,Married,675.5954011,4,5,Mobile,1
49,50954.2664,Male,Divorced,606.1799212,3,7,Desktop,0
21,40432.20355,Female,Single,611.6901445,5,13,Desktop,1
47,42887.81628,Female,Married,579.4106048,6,12,Mobile,1
54,,Male,Divorced,618.5700722,4,5,Desktop,1
40,35745.03548,Other,Single,649.1542593,4,11,Tablet,1
56,54767.07754,Other,Divorced,611.8834489,2,1,Desktop,1
62,40557.25178,Male,Single,546.0578471,9,12,Tablet,0
32,52922.79232,Other,Single,601.7988383,9,9,Tablet,0
60,47619.88334,Female,Single,,8,3,Desktop,1
46,49375.6776,Male,Single,707.1787097,6,2,Tablet,1
53,58340.84972,Male,Married,691.633544,8,10,Tablet,1
30,41871.51313,Male,Married,708.5354755,4,6,Desktop,1
49,,Other,Single,598.2686772,7,8,Mobile,1
24,73509.618,Male,Divorced,659.9085545,6,2,Mobile,1
68,55146.63624,Male,Single,480.3867451,6,4,Tablet,0
39,38268.56472,Male,Married,680.0244279,7,2,Tablet,1
45,40774.72983,Other,Divorced,692.7628372,2,12,Mobile,1
19,46276.05649,Female,Married,625.3862382,7,12,Tablet,0
59,41076.64554,Male,Married,670.6800868,6,9,Mobile,0
62,,Female,Divorced,543.9553007,6,10,Desktop,0
23,52316.10915,Other,Single,593.9253107,6,13,Tablet,0
45,46682.04002,Other,Single,703.5814467,5,2,Desktop,1
45,52845.81325,Other,Single,685.7877295,7,10,Mobile,0
,67795.81118,Other,Single,621.1701842,5,2,Mobile,0
61,46454.70749,Female,Divorced,706.7953622,9,14,Desktop,0
37,32218.69993,,Divorced,659.6808682,6,13,Tablet,1
47,44016.61262,Other,Divorced,614.7045325,5,5,Desktop,1
28,61556.37826,Other,Married,637.2020883,3,12,Desktop,1
45,60151.55406,Female,Divorced,618.1207616,10,5,Tablet,0
42,57779.59471,Female,Single,567.1356834,3,12,Mobile,1
,40629.39915,Other,Married,737.9680064,4,7,Desktop,0
50,61278.53927,Male,Single,610.2382897,4,1,Desktop,0
18,64653.48617,Male,Single,591.73475,5,12,Mobile,0
44,39568.67555,Other,Divorced,542.9456176,8,2,Desktop,0
69,49376.44854,Female,Divorced,465.4822493,2,11,Mobile,1
30,80306.02946,Other,Single,699.1047808,12,11,Tablet,1
58,38901.88585,Other,Single,705.5526081,4,6,Mobile,1
20,24423.69996,Female,Married,733.5127009,2,2,Mobile,1
56,70743.56652,Other,Divorced,639.5672479,3,4,Desktop,0
23,67049.07158,Other,Married,627.4605231,1,10,Mobile,0
25,43145.49015,Other,Married,614.4593821,8,6,Mobile,0
44,48305.12327,Female,Married,620.8409659,8,13,Desktop,0
26,31625.97425,Male,Single,728.3853246,6,12,Mobile,0
54,51334.28409,Male,Married,648.1439326,3,7,Desktop,1
50,67488.70573,Female,Married,676.4649557,5,10,Tablet,1
68,41860.92737,Male,Single,619.0595218,5,5,Mobile,0
59,63156.52968,Other,Divorced,742.4593534,5,8,Tablet,0
61,56955.85786,Male,Divorced,516.6682784,3,6,Mobile,1
41,58667.25336,Other,Married,564.5633078,9,5,Mobile,1
32,42735.36229,Male,Single,676.5797367,6,4,Tablet,0
49,44680.63726,Female,Divorced,772.5427526,7,6,Tablet,1
49,22298.41348,Male,Married,634.242986,5,6,Desktop,1
41,41499.95881,Male,Married,591.0340436,4,6,Desktop,0
,,Male,Single,720.0463894,4,1,Tablet,0
69,36060.01709,Female,Married,672.6588909,3,6,Mobile,1
66,38295.47519,Male,Divorced,740.3149668,11,1,Desktop,1
66,59602.84736,Female,Single,559.6754241,4,5,Mobile,0
69,56041.52438,Other,Divorced,734.816794,6,7,Desktop,1
29,60347.94875,Male,Divorced,541.607978,8,1,Desktop,1
56,32551.6919,Female,Divorced,629.8279498,4,13,Desktop,1
19,,Female,Married,678.8947927,10,1,Tablet,0
20,31763.69939,Male,Married,663.0209365,4,13,Mobile,1
66,,Other,Divorced,724.2414635,6,13,Tablet,1
54,47620.16756,Female,Divorced,522.1337988,6,6,Desktop,0
66,,Male,Single,,5,7,Tablet,0
34,44446.85866,Other,Single,733.9749423,4,6,Tablet,1
66,50349.61401,Female,Married,654.1505959,7,5,Tablet,0
19,40250.40182,Female,Married,570.0362224,3,6,Mobile,0
19,64058.35432,Other,Single,720.5255176,6,13,Tablet,1
45,47575.61382,Other,Divorced,604.6182811,5,14,Tablet,0
40,29880.87993,Male,Married,592.2973892,2,3,Tablet,1
54,28608.11701,Male,Divorced,583.4904973,5,9,Tablet,1
49,59092.47636,Female,Single,636.0920421,1,5,Tablet,0
,27698.43826,Other,Married,662.8142154,3,2,Tablet,1
18,54746.3911,Other,Married,561.1629962,6,14,Tablet,1
36,56669.82779,Other,Single,575.5447886,6,14,Desktop,1
19,35069.66954,Female,Married,601.3861987,12,12,Tablet,1
61,63361.07126,Other,Single,583.1507946,3,10,Tablet,1
43,24233.09564,Other,Married,652.5730759,4,10,Mobile,0
49,54446.88401,Female,Single,675.2855117,3,7,Desktop,0
23,49387.131,Male,Married,665.6711667,4,3,Tablet,1
49,48215.03036,Male,Divorced,665.7732322,0,1,Mobile,1
21,32331.55036,Female,Divorced,766.9694201,7,3,Tablet,0
28,35944.66993,Other,Divorced,679.657852,7,9,Tablet,1
34,74282.03038,Female,Married,704.8774974,3,5,Tablet,1
55,68227.32513,Male,Married,620.9768975,4,7,Tablet,1
41,61131.26883,Male,Divorced,716.08043,6,3,Tablet,0
22,64097.72155,Female,Divorced,617.6353233,4,4,Mobile,1
69,62690.20317,Female,Single,678.8013829,3,1,Tablet,0
51,45149.65682,,Single,554.0043192,4,3,Mobile,1
23,50714.05328,Female,Single,661.6363892,7,7,Tablet,1
39,27912.37433,Male,Divorced,581.7233835,5,4,Mobile,0
28,48654.5656,Female,Divorced,715.5224958,4,2,Desktop,0
65,67751.21374,Female,Divorced,711.3113523,11,14,Tablet,1
33,40089.39128,Female,Single,617.3360829,2,5,Desktop,1
50,65347.11807,Male,Married,793.470245,4,5,Desktop,1
26,51373.78608,Female,Divorced,629.9885193,5,2,Desktop,0
23,29219.42201,Male,Married,537.158677,4,11,Tablet,1
33,33390.2073,Male,Married,595.4617421,4,6,Desktop,0
46,63789.54305,Female,Married,576.9101284,1,10,Mobile,1
20,58287.86128,Female,Single,676.5721471,2,4,Tablet,1
37,51526.46109,Male,Married,563.5245881,9,14,Desktop,1
53,45889.52279,Male,Divorced,612.2550189,6,1,Tablet,1
36,53158.51966,Other,Single,,7,3,Desktop,1
43,63204.44374,Male,Divorced,659.7052126,6,14,Mobile,1
20,72137.79921,Other,Divorced,649.1149331,4,9,Tablet,1
,72855.26299,Other,Single,658.8200363,10,10,Tablet,0
37,55579.39851,Other,Divorced,624.0649932,3,7,Desktop,1
49,47421.02464,Female,Divorced,537.7373561,9,13,Mobile,1
24,52193.72012,Female,Single,622.2213245,0,6,Tablet,1
69,57831.80536,Male,Divorced,682.8124849,8,14,Desktop,1
58,57771.00416,Other,Married,640.4145508,7,1,Mobile,0
50,69619.79956,Female,Divorced,677.4041861,1,9,Mobile,0
,81736.33583,Female,Married,608.9251879,3,13,Mobile,1
56,46921.18056,Female,Divorced,719.6035256,4,9,Mobile,1
35,,Female,Single,471.0577493,4,1,Tablet,0
57,67583.5887,Female,Single,659.9008359,5,14,Tablet,0
18,48487.65515,Other,Divorced,744.4216243,8,13,Mobile,0
28,72478.47258,Other,Single,754.8388961,8,13,Desktop,1
45,75284.72452,Other,Divorced,633.7721682,4,6,Desktop,0
42,43095.56834,,Single,557.1661291,1,7,Mobile,0
67,75983.22879,Male,Married,745.653099,7,2,Mobile,1
40,66126.24232,Other,Divorced,646.3694383,3,10,Desktop,1
48,85528.38692,Female,Married,638.8721323,2,8,Mobile,1
47,43639.42127,Other,Married,587.5001751,7,8,Mobile,0
59,44698.59884,Male,Divorced,562.5078763,2,6,Tablet,0
52,19600.06805,Female,Married,689.4704218,8,9,Tablet,0
24,58567.90881,Other,Divorced,696.8910018,6,3,Mobile,0
33,55628.76883,Other,Married,664.1080801,4,2,Mobile,1
43,41555.09493,Other,Divorced,,6,2,Tablet,0
65,48772.23903,Female,Divorced,575.4500822,5,6,Mobile,1
69,30331.68485,Female,Single,549.7425941,3,7,Tablet,0
66,67976.67429,Male,Divorced,610.7618377,9,6,Tablet,0
19,42654.50788,Female,Divorced,579.5902505,5,11,Desktop,0
18,96410.73523,Female,Married,530.3483213,5,3,Tablet,1
65,47365.98049,Other,Divorced,695.5941509,6,5,Desktop,0
29,38605.71738,Female,Single,557.6655297,5,8,Desktop,1
,43815.30322,,Married,718.8745877,4,6,Tablet,1
54,28820.58535,Other,Married,677.5850197,3,2,Mobile,1
49,57234.07836,Female,Single,670.6038831,2,7,Tablet,1
26,43701.5045,Male,Married,766.5716332,6,8,Desktop,0
58,66968.79186,Male,Married,559.9938156,3,4,Tablet,0
52,45878.78757,Female,Married,711.1640397,4,12,Tablet,1
36,70766.63168,Male,Married,629.1650199,6,1,Desktop,1
65,61361.83624,Other,Single,829.974911,4,2,Tablet,0
33,50428.95165,Other,Single,623.3443898,7,4,Tablet,0
,73703.48881,Female,Married,612.0384165,9,7,Desktop,1
37,64284.40192,Male,Married,679.7875042,10,2,Mobile,0
41,94193.1924,Male,Single,,7,6,Desktop,0
50,43858.17133,Other,Single,596.9075926,6,2,Desktop,0
41,51149.24158,Female,Single,582.0806251,5,12,Tablet,1
,73530.63517,Male,Married,752.0743142,4,7,Desktop,1
28,26846.93282,,Married,568.5576858,2,2,Tablet,1
66,69754.15345,Male,Divorced,665.6161292,3,3,Tablet,1
25,56589.54137,Other,Single,723.9328898,4,9,Tablet,1
53,36676.83867,Other,Married,727.314649,10,13,Desktop,0
55,29554.40512,Female,Single,,2,4,Desktop,0
57,39912.6579,Other,Married,635.567064,1,14,Tablet,0
37,,Male,Single,621.9864549,4,5,Mobile,1
52,42656.90834,Other,Married,542.5486866,9,9,Mobile,0
65,59338.345,Female,Divorced,687.6262168,6,7,Desktop,1
42,42855.49039,Female,Divorced,652.6952552,10,8,Tablet,1
52,70824.69052,Female,Single,750.8409556,6,11,Tablet,1
42,74899.21404,Male,Married,592.3756432,4,3,Desktop,1
46,69134.66724,,Married,726.2087591,4,11,Mobile,1
35,53459.61365,Male,Single,731.1463905,9,11,Desktop,1
63,15129.81091,Male,Married,653.2950181,5,4,Desktop,0
35,39444.53762,Male,Single,498.03969,4,7,Tablet,1
19,47869.4221,Other,Married,614.120264,2,4,Desktop,0
52,36591.98526,Male,Single,775.0109787,5,2,Mobile,1
33,47907.41787,Male,Married,670.793904,4,14,Desktop,0
58,74151.01203,Other,Single,698.5379794,5,10,Tablet,1
53,25313.35206,Male,Married,643.7583393,2,6,Mobile,1
50,77175.38084,Female,Divorced,634.3589963,6,9,Tablet,0
21,63270.89633,Male,Married,,5,2,Desktop,1
50,54023.25212,,Single,705.6317452,4,1,Desktop,1
31,39295.75166,Female,Divorced,725.5776843,4,8,Desktop,0
38,36890.74482,Female,Married,583.43964,2,1,Tablet,0
65,25606.73428,Female,Divorced,637.4801415,4,1,Desktop,1
37,75751.4822,Female,Married,628.0381106,6,3,Mobile,0
25,73064.1734,Male,Divorced,679.4107306,5,5,Mobile,0
24,28905.73057,Female,Single,611.8945493,7,13,Tablet,1
20,41710.58008,Female,Married,715.1938646,1,12,Tablet,0
34,56497.17154,Other,Married,654.9927021,2,9,Tablet,1
50,45507.36293,Female,Single,471.5403861,5,11,Desktop,0
65,21219.87864,Female,Divorced,680.9904193,6,10,Mobile,1
29,40133.40859,Other,Single,,8,2,Mobile,1
68,,Other,Single,569.3556838,5,12,Mobile,1
39,41150.32114,Male,Divorced,678.6108854,9,12,Tablet,0
39,47547.98995,Other,Single,778.0971769,1,1,Tablet,1
63,32822.33864,Male,Married,657.8446463,3,1,Desktop,0
47,58816.44478,Other,Married,729.9140205,5,8,Tablet,1
55,51727.27699,Other,Married,619.0491521,4,10,Mobile,1
55,38869.70388,Male,Single,648.7424998,2,10,Desktop,1
62,30430.16906,Other,Married,635.6765098,4,10,Tablet,0
68,71068.15061,Male,Married,622.9015702,2,2,Tablet,1
25,25916.8489,Other,Married,639.6594568,3,13,Mobile,1
44,57557.23543,Female,Married,535.8522753,9,9,Desktop,0
44,17691.81133,Other,Married,626.8383906,5,9,Tablet,1
51,60608.17525,Male,Married,743.6464519,2,2,Tablet,1
38,64554.48331,Other,Single,582.541696,6,3,Desktop,0
47,66421.75567,Male,Married,575.370671,6,2,Desktop,0
50,47581.87297,Male,Married,654.284866,6,6,Tablet,0
45,73760.05408,Female,Divorced,657.78282,4,7,Tablet,1
64,84616.87542,Female,Single,,8,12,Mobile,0
50,45175.65296,Male,Single,642.0382999,5,6,Desktop,1
22,43234.92455,Other,Single,655.0304915,8,3,Tablet,1
65,52237.65891,Male,Single,625.4380658,9,12,Tablet,0
36,42834.79781,Male,Married,560.6942691,5,3,Tablet,0
21,40641.94706,,Married,645.0025692,6,12,Tablet,1
52,41948.9219,Other,Divorced,700.7217898,6,2,Mobile,0
66,75736.34012,Other,Divorced,686.0538238,6,2,Desktop,0
34,61578.22993,Other,Single,527.9030511,6,11,Tablet,1
61,,Male,Divorced,667.6347754,2,12,Desktop,0
45,13173.12461,Male,Divorced,587.5061332,2,5,Desktop,0
47,26833.0326,Female,Single,747.4514804,6,11,Tablet,0
46,57551.43624,Male,Single,672.8388848,8,11,Tablet,1
63,18176.66088,Other,Divorced,712.7398772,6,8,Tablet,0
23,54394.90291,Female,Married,651.4817701,8,6,Mobile,0
52,34016.54413,Other,Divorced,,5,9,Tablet,1
58,51377.08662,Male,Divorced,754.7091442,6,11,Desktop,1
54,50957.84452,Female,Married,718.0942078,8,5,Desktop,1
,51808.84901,Other,Married,658.2501057,2,10,Mobile,1
46,44083.67229,Female,Single,636.0233502,8,4,Tablet,0
66,43590.71562,Female,Single,530.4977692,2,9,Tablet,1
63,39188.14372,Male,Divorced,672.7197274,8,12,Mobile,1
,57258.38476,Other,Married,641.1727221,3,10,Mobile,0
52,62077.89012,Female,Single,688.7769233,9,11,Tablet,1
50,,Female,Divorced,710.0473189,7,14,Tablet,1
69,49225.57292,Other,Married,736.3044767,7,5,Desktop,0
38,52948.7311,Female,Divorced,673.5895038,4,1,Tablet,1
49,52756.56702,,Single,576.7547674,8,5,Tablet,1
,52501.54429,Female,Single,499.5480514,3,5,Desktop,0
50,43969.47784,Other,Married,592.2710098,5,5,Desktop,0
20,54185.45638,Other,Divorced,743.344195,3,13,Desktop,0
35,59270.43066,Other,Married,777.6444029,4,2,Desktop,0
42,52115.54984,Other,Single,633.3469474,2,13,Mobile,0
59,57589.09755,Male,Single,547.7328522,2,6,Desktop,0
48,64855.30117,Female,Divorced,,5,5,Mobile,0
,22235.89463,Other,Divorced,729.6464076,9,2,Desktop,0
57,64151.95763,Female,Divorced,608.6290779,6,12,Desktop,0
63,55136.41648,Female,Married,691.2386763,5,10,Desktop,0
41,33325.62008,Male,Divorced,661.7990811,1,14,Tablet,0
,62037.06323,Other,Divorced,699.7002281,6,8,Mobile,0
49,44025.18641,Other,Single,777.2607699,6,6,Desktop,1
64,46070.50346,Female,Single,691.2847033,3,11,Tablet,0
39,42384.80326,Other,Divorced,660.2841394,4,10,Mobile,0
40,54535.98266,Female,Divorced,784.9861496,4,12,Mobile,0
19,38219.70286,Female,Single,674.4686471,4,11,Tablet,0
44,,Male,Divorced,594.4936752,5,3,Mobile,0
59,47917.06119,Male,Married,698.1225703,7,9,Tablet,1
19,44536.96275,Male,Married,681.3218879,7,13,Desktop,1
43,61293.13516,Female,Married,628.446836,5,11,Tablet,1
34,45206.64857,Other,Divorced,613.7689763,13,11,Mobile,1
57,64222.65238,Male,Single,629.1218359,8,14,Mobile,0
50,64693.89426,,Divorced,612.767745,2,4,Desktop,1
26,,Male,Divorced,631.3968127,3,3,Tablet,1
,66638.90303,Male,Single,591.0042378,5,7,Desktop,0
65,28069.46043,Female,Single,677.0308282,9,12,Tablet,1
56,67573.7079,Male,Single,671.784092,7,13,Tablet,1
46,80425.35788,Male,Married,674.1641244,6,14,Tablet,0
59,63122.51657,Female,Divorced,645.6341462,7,8,Desktop,0
43,17645.29033,Other,Single,637.5635721,5,7,Desktop,1
52,65953.48579,Male,Divorced,750.9404058,6,1,Mobile,0
67,83691.93449,Female,Married,654.7184121,4,1,Desktop,1
42,45454.52539,Male,Married,738.4636792,3,13,Tablet,0
41,49479.4502,Female,Single,580.2508812,7,5,Tablet,1
30,32172.69917,Other,Single,691.2424484,6,14,Tablet,1
24,54681.19128,Other,Divorced,598.5707874,4,8,Desktop,1
53,69037.65774,Female,Single,611.069365,5,14,Mobile,0
62,60466.05692,Female,Divorced,621.1665912,5,10,Desktop,0
37,97129.50466,Female,Single,616.7780722,3,11,Mobile,1
18,50495.40564,Other,Divorced,617.127674,2,3,Desktop,0
25,25539.89949,,Divorced,735.2092563,1,8,Tablet,0
63,52564.56457,Other,Divorced,,3,3,Mobile,1
33,13753.22352,Female,Divorced,665.7538772,2,4,Desktop,0
31,42003.44113,Female,Married,617.9988026,6,10,Tablet,0
29,74365.73088,Other,Divorced,709.9857513,4,7,Mobile,1
68,54877.00473,Female,Single,674.8539395,4,3,Mobile,1
40,,Other,Married,628.3749949,7,4,Tablet,0
32,77311.70565,Female,Married,539.1001275,4,8,Tablet,0
45,45941.00163,Male,Divorced,665.1407521,3,4,Desktop,0
51,68927.30619,Male,Married,690.2975666,4,9,Desktop,1
19,51939.60463,Female,Divorced,581.4806513,4,4,Tablet,0
49,55700.71195,Other,Single,629.3223767,5,13,Desktop,0
40,31740.42716,Male,Divorced,687.6012351,6,14,Tablet,0
39,42769.29808,,Married,540.035036,3,4,Tablet,0
68,29037.22651,Female,Single,604.5803472,4,13,Desktop,0
42,48571.32383,Other,Divorced,676.3836259,3,5,Desktop,0
39,,Male,Single,727.3512907,2,1,Mobile,1
39,33349.42842,Other,Single,803.0045869,0,7,Mobile,1
66,80737.68384,Other,Married,787.1058338,5,9,Desktop,1
69,54171.59029,Female,Single,660.0638638,4,12,Desktop,0
59,50866.93378,Female,Married,616.1041183,7,9,Desktop,0
23,61544.86627,Female,Single,714.6185587,1,1,Mobile,1
32,37566.07879,Male,Divorced,611.9484953,3,6,Desktop,1
60,52452.16219,Male,Single,596.6533301,5,3,Mobile,1
54,39247.00669,Female,Divorced,628.6313763,5,4,Mobile,1
50,73380.19865,Female,Divorced,619.852869,7,8,Mobile,1
25,34120.40976,Male,Single,678.8841436,2,4,Mobile,0
61,50947.48189,Male,Divorced,607.8318865,4,8,Tablet,0
61,54939.73678,Male,Single,655.958544,4,4,Desktop,0
22,55922.38617,Male,Single,761.6467416,4,9,Desktop,0
56,41281.4724,Female,Divorced,658.54985,6,6,Tablet,0
21,36567.35897,Male,Divorced,756.1719602,8,1,Desktop,1
23,41498.0724,Female,Married,734.1439621,6,13,Mobile,1
62,57924.88151,Other,Divorced,691.4428166,5,10,Tablet,0
49,47842.31344,Other,Married,625.2093047,3,2,Mobile,1
69,61943.13213,Male,Divorced,722.8355584,2,7,Tablet,0
,57155.05579,Other,Single,632.5017557,7,10,Mobile,0
64,15846.30953,Other,Divorced,649.8593241,3,7,Desktop,1
52,53712.46695,Other,Single,,6,3,Desktop,0
,83756.82152,Male,Single,649.6242769,2,1,Desktop,0
69,69879.03577,Male,Single,599.5812597,7,8,Tablet,0
33,,Other,Married,543.103076,4,13,Desktop,1
30,34109.11804,Female,Divorced,717.1393051,9,13,Tablet,1
67,57163.30574,Other,Single,689.9239489,9,10,Mobile,0
59,61096.2491,Male,Single,529.5572305,3,14,Desktop,0
47,46193.79979,Male,Married,597.7248855,10,11,Mobile,1
36,54751.13088,Male,Divorced,662.53458,8,11,Desktop,1
34,72644.93688,Other,Divorced,680.9800647,3,10,Mobile,1
,37140.8837,Female,Married,,6,7,Tablet,1
45,34125.50593,Male,Married,643.7532933,5,10,Desktop,0
43,60390.48989,Male,Divorced,687.7758217,4,8,Tablet,0
54,56863.13954,Other,Married,625.3941739,1,1,Tablet,0
43,65432.57443,Female,Divorced,667.9080754,3,14,Mobile,1
40,58546.90718,Other,Divorced,615.8713683,5,3,Desktop,1
26,41483.67405,Male,Single,713.6437446,5,13,Tablet,0
,56482.88977,Female,Single,594.05,7,2,Mobile,1
18,32868.10185,Female,Divorced,570.0545233,2,1,Mobile,0
18,46245.21932,Male,Divorced,652.0248805,4,5,Mobile,1
64,57541.98846,Female,Divorced,549.6531819,4,3,Desktop,0
51,44592.28675,Female,Divorced,502.6422168,4,10,Desktop,0
49,87020.78273,Other,Divorced,725.8614709,8,8,Mobile,0
65,21617.23627,Male,Divorced,581.1042863,9,6,Desktop,0
42,41787.64465,Male,Married,556.6443892,6,10,Mobile,1
57,35933.30249,Male,Divorced,593.1768856,3,14,Desktop,0
62,39494.76789,Male,Married,590.0344558,5,9,Desktop,0
18,40355.02665,Male,Married,640.0521977,5,9,Mobile,0
33,30103.6897,Female,Divorced,573.4559286,4,11,Mobile,0
56,61290.53223,Other,Divorced,684.87303,3,6,Desktop,1
22,41793.57054,,Married,695.2363892,2,2,Mobile,0
39,52453.60003,Other,Married,560.7505985,3,9,Mobile,0
46,43477.61357,Other,Divorced,606.7332364,3,2,Mobile,1
20,39636.79382,Female,Divorced,613.3859932,6,3,Mobile,0
29,75084.18854,Male,Married,638.4494847,6,6,Desktop,0
43,63843.98273,Female,Married,725.7878462,2,2,Tablet,0
33,21976.994,Male,Married,729.8219391,2,5,Desktop,0
68,20387.93827,Female,Single,824.920717,3,2,Mobile,1
54,65639.13253,Other,Married,491.143825,10,12,Mobile,1
39,42202.19913,Male,Single,585.2992994,1,4,Desktop,1
46,25263.76499,Other,Divorced,776.9806427,4,11,Mobile,1
31,65686.02699,,Divorced,523.9509778,3,11,Desktop,1
45,52536.86075,Female,Married,775.3885545,8,3,Tablet,1
22,,Male,Divorced,660.3145891,1,5,Mobile,0
64,62143.08908,Other,Divorced,662.8892941,8,6,Tablet,0
66,30350.34263,Female,Divorced,560.414141,8,13,Tablet,0
47,25527.48768,Male,Divorced,618.4185746,5,7,Mobile,0
63,73714.31442,Male,Single,,9,10,Mobile,1
69,28442.49859,Other,Single,646.6621805,5,8,Desktop,0
22,31666.43304,Male,Married,618.885068,10,9,Desktop,0
29,34663.46931,Other,Married,678.4003437,9,14,Mobile,1
33,81199.18886,Male,Married,636.544768,4,4,Desktop,0
43,57400.74951,Female,Divorced,674.1605805,5,4,Tablet,0
43,64481.11962,Other,Divorced,590.5181067,7,7,Tablet,1
65,52942.51318,Other,Single,644.5993146,8,12,Mobile,0
38,40971.69183,Male,Single,605.1246614,4,10,Desktop,0
56,59469.36925,Male,Married,523.7223352,2,10,Mobile,1
53,26650.76044,Other,Single,683.7370451,8,11,Tablet,0
,33570.74822,Male,Single,563.6359011,7,9,Mobile,0
47,60994.62769,Female,Single,,5,11,Mobile,0
54,29641.17154,Male,Single,714.8247772,9,2,Mobile,0
40,47163.77796,Female,Single,545.153058,8,13,Mobile,0
27,47847.31483,Female,Married,692.3278868,6,11,Tablet,1
22,42070.06995,Female,Married,629.013058,6,6,Mobile,0
53,20733.22288,Female,Single,582.3433619,5,10,Mobile,0
51,40566.06663,Female,Married,791.6046302,4,10,Desktop,0
69,37625.47435,Male,Divorced,649.9610593,9,8,Mobile,1
48,52421.59795,Female,Single,610.2334977,2,13,Desktop,1
27,51657.35808,Male,Divorced,595.3850954,8,5,Mobile,1
,55669.4219,Female,Married,711.6813728,5,5,Desktop,0
,39860.20591,Other,Married,607.1560641,4,8,Mobile,0
18,57841.66926,Female,Divorced,702.9562669,5,1,Desktop,0
22,26659.89901,Other,Married,649.8264118,3,6,Mobile,0
62,22671.42901,Female,Single,728.1331645,8,10,Mobile,0
21,14966.40914,Female,Divorced,577.0222387,7,13,Desktop,1
33,42510.54141,Female,Single,586.7855733,4,9,Mobile,0
41,38700.52663,Other,Divorced,630.329628,2,12,Mobile,0
33,61839.73418,Other,Married,636.1353452,3,6,Mobile,1
19,40270.06119,Female,Divorced,625.181008,2,7,Mobile,1
66,54100.64522,Male,Divorced,834.2008284,7,4,Tablet,1
45,62199.44865,,Single,794.4272903,5,12,Mobile,1
49,39705.21387,Other,Married,670.9338552,6,10,Tablet,1
44,54470.78315,Female,Single,679.1880452,2,1,Tablet,0
37,65028.91323,Other,Married,633.4497474,6,9,Mobile,0
41,,Other,Single,576.5122127,3,12,Desktop,0
29,,Other,Divorced,637.2549432,3,6,Desktop,0
,39769.48425,Female,Single,703.9782426,3,3,Mobile,0
,32382.65176,Other,Married,741.3938733,6,4,Tablet,1
50,26953.22389,Other,Married,719.6995894,5,10,Desktop,0
50,32140.27142,Female,Divorced,544.3157995,8,12,Mobile,0
68,50900.43509,Other,Married,629.7540625,4,6,Mobile,1
60,25837.33317,Female,Single,547.1792705,5,6,Tablet,1
54,41739.09464,Other,Divorced,731.819049,5,12,Desktop,0
29,62197.9161,Male,Married,621.1330924,7,9,Mobile,0
20,56735.16445,Male,Married,,6,4,Desktop,1
18,42042.38566,Other,Single,683.6035188,1,5,Mobile,0
50,75345.3562,Male,Single,843.6297944,2,5,Mobile,1
57,78395.54621,Female,Divorced,668.7792458,7,3,Mobile,0
,50391.83647,Male,Married,633.3210274,9,2,Tablet,1
60,12971.85626,Other,Single,563.1270515,10,8,Tablet,1
61,63296.72296,Other,Divorced,752.1047614,7,10,Tablet,1
46,15590.3549,,Married,637.2854475,7,9,Desktop,0
30,72142.19166,Other,Married,765.9999725,2,10,Tablet,1
29,66253.77351,Female,Divorced,727.3929179,5,11,Tablet,1
48,76613.18756,Male,Divorced,617.5930728,5,13,Desktop,0
63,53903.98338,Male,Single,552.5406673,7,9,Desktop,0
19,44579.21349,Female,Married,669.0798382,5,14,Desktop,0
,43248.48299,Female,Married,606.956753,6,5,Desktop,1
67,41806.09743,Other,Married,652.754209,4,11,Tablet,1
52,64716.02981,Male,Divorced,723.4334725,11,9,Tablet,1
40,60684.07234,Female,Single,534.2492519,5,4,Desktop,0
,51803.3845,Male,Married,668.5229691,6,2,Tablet,0
43,39167.28038,Female,Divorced,703.1717334,3,3,Mobile,1
25,89438.18947,Male,Married,706.5677393,1,1,Tablet,0
46,63685.61921,Other,Single,554.552048,5,5,Mobile,0
43,26034.3212,Male,Married,679.3535529,5,1,Desktop,1
27,42256.15976,Male,Single,734.2475607,5,12,Desktop,1
43,63976.64146,Male,Single,674.0263659,6,11,Tablet,0
51,38006.91618,Male,Married,641.9014056,1,1,Desktop,1
68,55273.21938,Male,Married,729.7729058,11,14,Tablet,0
58,64261.94451,Other,Single,601.3976833,1,11,Tablet,0
24,-826.4212398,Female,Divorced,542.9116964,5,11,Tablet,1
21,48379.4345,Male,Single,635.958153,6,13,Tablet,1
67,48968.1373,Other,Married,687.4531634,5,7,Mobile,0
62,43818.91316,Male,Married,722.7255733,5,2,Mobile,0
28,54525.42702,Male,Divorced,687.1351802,3,8,Desktop,1
46,59862.79411,Female,Single,708.5074748,5,6,Mobile,0
53,52130.76416,Male,Single,,2,4,Desktop,0
42,44392.58909,Other,Single,626.2436096,7,9,Desktop,0
38,59489.3195,Other,Married,639.6442489,6,10,Tablet,0
53,50735.80114,,Single,740.1017455,5,8,Tablet,0
27,46539.4938,Male,Divorced,,4,13,Tablet,1
54,30315.80922,Other,Married,680.0393003,4,10,Tablet,0
26,26560.17822,Male,Married,599.830382,6,3,Tablet,0
41,30031.55311,Male,Single,727.0183122,11,3,Tablet,1
52,54174.93592,Male,Divorced,648.7445164,6,4,Mobile,1
,48813.81879,Female,Married,650.5315755,4,14,Desktop,1
52,27795.73853,Male,Married,771.0215921,0,9,Desktop,0
65,59688.76739,Other,Single,574.6770054,5,9,Tablet,0
53,70614.6427,Male,Single,665.1073631,3,5,Mobile,1
35,41022.59575,Other,Divorced,637.3911708,2,12,Tablet,1
,23885.27214,Male,Single,687.2687921,4,9,Mobile,1
56,39363.10423,Other,Divorced,785.0531551,5,6,Mobile,1
49,62816.9094,Other,Married,607.6330943,8,8,Desktop,1
41,58227.94788,Male,Divorced,566.1821601,2,11,Desktop,0
40,36163.50971,Male,Divorced,593.3470802,4,8,Mobile,1
49,72817.58207,Other,Divorced,633.7027342,9,12,Desktop,0
54,70224.20099,Female,Married,654.4961584,2,10,Mobile,0
29,,Male,Single,658.0170157,5,7,Mobile,1
66,38850.64996,Female,Married,776.1862666,6,4,Mobile,1
30,41107.58094,Male,Single,763.7387331,6,4,Desktop,1
40,,Male,Divorced,741.2062542,6,6,Tablet,1
42,,Male,Divorced,826.0107046,5,14,Desktop,1
52,56379.93591,Male,Divorced,707.686892,5,9,Tablet,0
58,63156.18154,Female,Divorced,727.5848558,5,7,Desktop,1
47,60103.47715,Male,Divorced,706.3339365,5,5,Desktop,1
34,75717.90602,Other,Single,694.863372,2,5,Tablet,0
66,34109.21684,,Single,677.6077567,2,8,Mobile,1
37,55705.37796,Female,Divorced,622.2200069,7,6,Tablet,1
65,17392.68116,Male,Married,562.7255227,4,1,Mobile,1
42,30245.66639,Other,Married,640.8542222,5,1,Mobile,0
39,48877.19921,,Divorced,689.604159,2,9,Desktop,1
30,,Male,Single,655.0583331,4,8,Desktop,1
,48472.76387,Other,Married,575.4265014,6,6,Desktop,1
66,,Other,Married,638.3881865,3,13,Desktop,1
53,44158.73184,Female,Married,634.7398034,6,1,Desktop,0
,,Male,Divorced,645.6351751,3,14,Tablet,1
58,44239.51733,Male,Married,684.3640744,9,2,Tablet,0
36,76238.62433,Other,Married,699.4380626,0,10,Tablet,1
29,61910.2561,Other,Married,614.9963984,2,3,Tablet,1
26,56863.06019,Other,Married,718.6784832,3,10,Desktop,1
24,32096.04635,Male,Single,729.2146684,9,12,Tablet,0
45,64028.57242,Female,Divorced,672.4211353,4,3,Tablet,1
31,42593.44133,Female,Divorced,696.532519,7,2,Mobile,1
48,32083.40363,Male,Single,718.896201,6,12,Desktop,0
69,57692.6542,Female,Single,573.1648745,9,2,Tablet,1
36,29180.80909,Other,Divorced,723.8311934,4,6,Tablet,1
64,38566.37807,Female,Married,594.6957389,7,7,Tablet,1
33,49848.26133,Female,Married,601.5108854,3,4,Desktop,1
22,83276.32136,Female,Divorced,663.7402417,5,1,Tablet,0
52,39696.26366,Other,Married,499.9171912,4,6,Mobile,0
29,43126.75221,Male,Single,662.2934216,2,7,Desktop,0
42,60985.17582,Other,Married,718.7246663,1,4,Mobile,1
69,31425.56467,Male,Married,534.7853307,2,6,Desktop,1
38,56642.09572,,Married,726.2306527,5,9,Tablet,1
53,68088.90211,Male,Divorced,601.0848667,5,4,Desktop,1
40,,,Single,664.4803246,5,12,Desktop,0
33,65392.31422,Female,Married,611.2497845,8,14,Desktop,1
56,54371.74885,Male,Divorced,,6,10,Mobile,0
62,39039.77054,Male,Married,721.7463289,3,4,Desktop,1
59,47032.92971,Female,Single,695.2907255,3,10,Tablet,1
56,44303.6399,Other,Married,649.7213195,5,12,Desktop,0
31,48685.42613,Male,Single,616.6901264,3,5,Desktop,1
48,52290.76849,Other,Married,645.1488579,2,3,Tablet,0
22,58822.99902,Female,Single,695.9180025,6,10,Tablet,0
52,57630.02374,Male,Married,698.3186479,6,2,Mobile,1
40,13524.29643,Other,Single,688.5578608,6,9,Tablet,0
46,48540.37717,Other,Married,560.2195721,6,13,Tablet,0
60,27358.6713,Other,Married,648.3884279,7,1,Tablet,1
28,45864.09121,Female,Divorced,605.6599725,2,5,Desktop,0
35,48143.15618,Female,Divorced,696.5450314,7,5,Mobile,0
64,64642.22537,Other,Single,596.4519773,4,8,Tablet,1
29,49548.26799,Other,Married,681.6437631,5,6,Tablet,0
26,53888.27028,Female,Single,630.2468567,5,6,Tablet,1
27,61895.84571,Other,Divorced,518.4632672,5,6,Desktop,0
61,68416.2839,Other,Single,715.16715,4,4,Desktop,1
34,48154.79115,Female,Single,648.2298945,4,1,Mobile,1
55,51412.69163,Other,Divorced,739.3184107,3,3,Mobile,1
24,50150.34953,Other,Married,533.4283645,3,13,Desktop,1
63,41861.01553,Other,Single,629.5935082,7,13,Tablet,1
30,38463.27165,Female,Divorced,,5,10,Tablet,0
57,15921.71125,Other,Married,,4,12,Mobile,1
59,33850.08598,Female,Divorced,557.2368887,9,11,Tablet,1
,23320.5375,Female,Single,688.08265,5,6,Desktop,0
67,68827.97727,Male,Married,783.8163684,5,5,Mobile,1
44,52826.24012,Male,Married,683.2176143,6,10,Desktop,0
19,48110.91541,Other,Divorced,656.5010681,6,1,Desktop,0
22,39237.72221,Female,Divorced,553.5779815,6,5,Tablet,1
46,50446.68895,Male,Divorced,,4,2,Desktop,0
54,37280.30184,Other,Married,646.0908569,3,1,Desktop,0
55,52610.27835,Male,Married,,4,4,Tablet,0
36,53686.00974,Male,Single,721.8379498,5,6,Desktop,1
25,37079.24446,Female,Married,687.3592241,2,7,Tablet,0
65,36793.07053,Female,Single,838.4665011,6,9,Desktop,1
62,,Male,Divorced,581.3399095,0,5,Tablet,1
18,49207.10069,Male,Divorced,652.3180228,9,8,Tablet,0
39,38284.69356,Female,Married,553.1555339,3,8,Mobile,1
69,,Other,Divorced,494.4291458,10,11,Desktop,0
34,34841.0887,Female,Divorced,700.5904686,4,9,Desktop,0
24,48992.24629,Male,Married,684.7630768,4,3,Mobile,1
42,62474.42461,Other,Single,590.1786696,7,3,Tablet,1
62,49584.93999,,Married,656.5120734,5,9,Tablet,1
21,85454.50166,Other,Single,605.9512681,4,7,Mobile,0
53,56320.39352,Male,Married,615.4054782,10,4,Mobile,0
23,53449.31672,,Married,627.5800771,5,1,Tablet,0
48,36375.46804,Other,Divorced,587.2404376,7,7,Tablet,1
,46421.9983,Male,Married,599.8345063,3,10,Mobile,0
61,38314.79235,Other,Married,601.8095189,4,6,Desktop,0
56,17515.32157,,Single,679.6015193,3,3,Tablet,0
44,,Male,Divorced,455.8045877,2,14,Mobile,0
27,42328.24167,Female,Single,634.0659517,3,5,Desktop,1
43,38593.99889,,Single,573.8622686,6,3,Desktop,0
36,53158.55051,Other,Divorced,576.391312,7,8,Desktop,1
56,57687.49328,Other,Divorced,613.2042638,5,5,Desktop,0
20,45188.37751,Other,Divorced,648.9962203,3,10,Mobile,0
62,49960.97499,Male,Married,634.9911697,3,10,Tablet,0
30,61192.81111,Female,Divorced,575.5157643,7,6,Desktop,1
67,44597.09608,Female,Divorced,700.5187563,3,2,Desktop,1
45,54535.00613,Male,Divorced,586.8177209,4,8,Mobile,1
37,25111.33072,Male,Single,598.5705621,7,9,Desktop,0
45,31380.21502,Female,Single,669.914425,4,3,Mobile,0
25,59083.09667,Female,Married,672.4257995,2,13,Mobile,1
58,30596.62041,Female,Single,607.1810237,3,6,Tablet,0
56,53512.06321,Female,Married,444.4686579,2,6,Desktop,0
18,47795.01827,Male,Single,588.0156379,8,2,Tablet,1
20,44532.99106,Male,Divorced,661.332173,6,10,Mobile,0
30,37573.05847,Other,Single,698.2025638,12,8,Desktop,0
45,63640.10027,,Married,644.449234,4,5,Mobile,0
66,75948.36732,,Single,616.4709767,3,11,Mobile,1
42,54502.88244,Male,Divorced,810.5247704,1,11,Mobile,0
50,54837.36074,Male,Married,623.9259715,6,8,Desktop,1
55,39765.04055,Other,Divorced,692.8562881,2,14,Mobile,0
23,32058.54152,Female,Divorced,556.5463533,4,13,Mobile,1
61,,Female,Married,573.6882506,4,14,Desktop,1
62,35393.75528,Female,Divorced,695.3127928,5,8,Tablet,1
49,23410.84808,Female,Divorced,723.1192893,4,12,Mobile,1
62,,Other,Single,622.7198177,5,3,Tablet,0
64,62782.50182,Other,Divorced,520.5955016,7,5,Tablet,1
38,37117.41841,Male,Divorced,638.2709862,6,7,Tablet,0
33,53659.46482,Female,Divorced,663.2584131,4,5,Tablet,0
38,65029.28402,Female,Divorced,656.9172627,5,6,Tablet,1
28,53075.40031,,Married,610.5627235,3,2,Tablet,0
54,32102.68031,Other,Single,639.2981117,1,8,Desktop,0
53,46506.5988,Female,Divorced,597.5156209,4,5,Desktop,0
52,,Other,Divorced,572.1713243,5,6,Tablet,0
36,53705.39965,Female,Married,702.8967964,6,1,Desktop,1
37,58086.98155,,Divorced,656.8458819,4,10,Desktop,0
35,55124.43829,Male,Married,639.4521509,5,2,Tablet,0
64,,Female,Single,614.499658,7,11,Tablet,0
58,40687.32171,Female,Single,637.387851,5,4,Mobile,0
66,55082.97736,Male,Divorced,661.22215,5,11,Desktop,0
31,62253.0767,Other,Divorced,771.0077103,9,9,Tablet,1
32,66498.57426,Other,Divorced,695.8175795,3,6,Desktop,0
48,37128.41683,Female,Married,603.3583615,5,8,Desktop,1
18,56496.80802,Other,Divorced,604.096538,3,2,Desktop,0
20,67805.66168,Female,Divorced,593.182323,5,10,Mobile,1
33,35193.77345,Male,Single,635.9635628,4,5,Tablet,0
40,72301.20704,Male,Divorced,593.1283985,3,12,Desktop,0
28,74584.11241,Female,Single,683.2376621,7,12,Tablet,1
29,89376.29509,Male,Divorced,464.9538621,5,13,Desktop,1
,53464.00161,Male,Single,687.4617816,3,1,Tablet,1
49,53546.37014,Female,Divorced,669.2764241,3,4,Tablet,0
33,62404.91584,Female,Single,738.3919738,6,10,Tablet,1
25,61967.0401,Male,Married,711.3752688,7,1,Desktop,1
55,66895.50291,Other,Single,602.141155,7,11,Mobile,1
29,61760.49771,Other,Single,703.5008657,4,11,Tablet,0
41,48409.07136,Female,Single,638.2352766,4,9,Mobile,0
45,68329.95681,Female,Divorced,514.598527,1,2,Tablet,0
25,33931.18775,Other,Divorced,661.1182358,4,7,Mobile,1
45,50087.78505,Male,Divorced,606.3022606,3,3,Tablet,0
53,73456.03424,Other,Married,650.0155061,2,14,Mobile,0
43,31246.30253,Other,Married,765.6014881,6,2,Tablet,0
25,39837.86515,Other,Single,665.7350832,2,13,Tablet,0
67,60076.20937,Other,Married,578.7865604,6,4,Mobile,1
45,55908.6796,Female,Single,717.5090504,6,7,Tablet,0
45,36874.61889,Female,Single,675.3779799,6,7,Desktop,1
54,43757.08996,Male,Single,570.538672,6,9,Tablet,1
58,32288.26906,Male,Married,537.5633563,6,12,Tablet,1
53,64707.27499,Male,Divorced,581.5863709,5,13,Desktop,1
44,46161.77963,Male,Married,708.541126,7,3,Desktop,1
34,76882.33866,Other,Single,628.8878506,7,7,Desktop,1
26,51216.50366,Female,Single,655.6799763,9,6,Mobile,0
50,46703.89545,Female,Married,556.302923,5,10,Desktop,1
37,45247.67358,Male,Single,710.4253285,4,7,Mobile,0
30,46337.00247,Male,Single,508.9371435,7,7,Desktop,1
45,51662.31643,Other,Married,,5,10,Mobile,0
65,87686.11365,Other,Married,679.2924701,5,5,Desktop,1
46,44917.10495,Male,Married,571.4157988,4,9,Desktop,0
30,45404.69809,Female,Single,692.9890496,9,7,Tablet,0
,50983.90769,Female,Single,,5,7,Desktop,1
52,66354.1176,Female,Divorced,564.1750585,6,12,Tablet,1
23,28685.23158,Male,Divorced,740.0537445,0,14,Desktop,1
35,56826.39105,Female,Married,660.7751135,6,3,Desktop,1
68,37738.62236,Other,Divorced,686.3325255,8,1,Tablet,0
22,58299.09033,Other,Single,721.2746709,4,14,Tablet,0
64,42593.60086,Male,Divorced,466.6490735,6,14,Mobile,1
42,15438.4649,Other,Single,694.4347848,3,5,Tablet,1
19,55543.66404,Male,Married,596.7282371,3,8,Mobile,0
27,,Female,Married,605.9509046,7,5,Desktop,1
47,,Female,Single,680.6208754,4,10,Tablet,0
67,40424.8421,Female,Divorced,624.5871459,2,3,Tablet,1
62,30329.40912,Other,Married,691.6164753,1,9,Desktop,1
22,61596.49912,Male,Married,647.1409923,7,2,Desktop,0
50,63233.23674,Female,Divorced,661.774631,2,3,Desktop,0
18,36814.23672,Male,Divorced,615.6844886,5,12,Desktop,1
35,41900.98311,Female,Single,575.4546698,6,4,Tablet,0
49,49050.66318,Other,Divorced,598.17777,7,10,Desktop,1
64,84062.97922,Other,Divorced,642.8023109,5,1,Desktop,0
66,,Male,Divorced,778.6066875,5,11,Tablet,1
28,35848.76727,Other,Single,753.0334479,8,4,Mobile,1
38,54556.70464,Other,Single,604.2692815,5,4,Tablet,1
43,29349.62689,Male,Married,654.2180374,6,9,Mobile,0
42,60769.85465,Female,Single,629.8593918,3,8,Desktop,0
39,75133.2109,Other,Married,659.1186633,9,2,Tablet,0
44,75196.87528,Male,Divorced,668.1238923,5,13,Desktop,0
66,61023.40255,Other,Married,686.9260511,5,7,Tablet,1
30,41248.81466,Other,Married,446.9202853,7,6,Mobile,0
50,30486.47365,Other,Divorced,675.6549066,4,7,Tablet,0
51,28996.92435,Other,Married,622.075528,6,11,Desktop,0
58,7906.743358,Male,Single,600.654346,4,4,Tablet,1
52,60407.83645,Male,Single,705.5979675,5,14,Desktop,0
18,48457.4672,Male,Single,752.6777091,6,14,Tablet,0
38,,Other,Single,698.2302201,2,5,Mobile,1
65,71420.47228,Other,Married,613.7013875,9,6,Tablet,1
23,51498.58316,Other,Married,,2,9,Tablet,1
45,52189.42415,Male,Divorced,439.56289,5,2,Tablet,1
34,43035.19483,Other,Married,662.7761198,5,11,Tablet,1
22,44808.73374,Female,Married,690.5311275,2,9,Mobile,1
48,60927.04869,Other,Married,642.8695543,5,10,Desktop,1
,47384.37454,Female,Divorced,,10,1,Tablet,0
55,45214.885,Other,Single,557.5866835,2,4,Tablet,1
20,49725.24711,Male,Married,638.013273,4,12,Tablet,1
40,63294.95294,Other,Divorced,632.4789328,6,5,Mobile,1
54,39610.07663,Female,Divorced,642.2923921,7,9,Desktop,1
54,49002.07224,Female,Divorced,,7,6,Desktop,1
27,53679.16757,Other,Single,642.6610443,3,4,Tablet,0
27,67403.32855,,Married,629.3645284,6,2,Tablet,0
36,46410.54835,Female,Divorced,584.4314564,9,5,Desktop,0
34,39232.64921,Male,Single,743.000563,6,8,Tablet,0
38,42734.58584,Other,Divorced,549.8162644,8,8,Tablet,0
31,65795.8615,Other,Divorced,611.2900397,7,6,Tablet,0
26,80499.57948,Other,Divorced,768.5755947,4,11,Mobile,0
63,30293.63279,,Divorced,682.7770309,3,1,Mobile,1
18,33570.47577,Other,Divorced,,10,8,Desktop,1
68,47468.0482,Other,Single,651.5184439,4,4,Mobile,1
62,51664.34144,Male,Married,583.7535409,3,14,Mobile,1
30,61804.54348,Male,Married,645.2030929,10,2,Desktop,1
21,36633.00487,Male,Married,625.5093913,12,1,Mobile,1
18,34053.36445,Female,Married,662.574002,2,7,Desktop,0
66,52071.3073,Other,Single,544.563103,3,2,Tablet,1
57,46123.9892,Male,Single,677.8496405,2,13,Desktop,1
49,63900.81497,Male,Single,721.1640772,8,4,Desktop,1
51,57310.39705,Male,Divorced,635.7323812,3,4,Desktop,0
45,58330.69021,Other,Divorced,695.2968875,7,13,Tablet,0
48,48432.7798,Other,Divorced,,5,10,Tablet,0
25,85333.70388,Other,Married,607.4581902,6,1,Tablet,1
56,,Female,Divorced,,2,2,Desktop,1
,59162.14751,Female,Married,585.7128058,4,1,Desktop,1
51,30954.65019,Male,Divorced,670.5024798,9,6,Desktop,0
20,33897.98483,Other,Married,646.0698408,7,13,Desktop,0
67,40889.81602,Male,Divorced,,4,3,Desktop,1
,74439.85005,Other,Divorced,705.3609079,3,1,Desktop,0
18,53958.41646,Other,Single,705.2149488,1,12,Desktop,1
61,41142.82897,Other,Divorced,668.4156561,5,8,Mobile,0
22,55616.54489,Female,Divorced,582.6460735,2,14,Tablet,0
47,50527.21822,Female,Single,672.7737507,7,12,Mobile,0
47,42620.39946,Other,Married,654.4697216,6,14,Tablet,1
34,29050.56716,Male,Single,570.3133028,4,4,Desktop,0
65,71578.13727,Other,Single,734.6964481,6,10,Mobile,1
64,53147.27193,,Married,727.1602562,4,7,Desktop,1
40,82606.0756,Male,Divorced,569.9095599,4,10,Mobile,1
32,64104.82431,Other,Married,605.3543566,5,2,Mobile,0
54,,Male,Divorced,611.5034846,4,6,Desktop,0
38,43471.93507,Female,Divorced,692.6896081,6,6,Mobile,0
31,33569.81654,Female,Married,684.6307626,9,7,Mobile,1
,46734.03523,Male,Single,653.1085049,4,12,Tablet,0
28,,Female,Married,669.1700096,3,1,Desktop,0
68,59752.85571,Female,Divorced,559.8657462,6,14,Desktop,1
56,74489.78747,Male,Married,676.6952897,5,12,Mobile,1
55,46086.31601,Female,Married,642.9380237,6,1,Desktop,1
51,64167.36459,Other,Divorced,,2,2,Tablet,0
55,39661.56395,Other,Single,542.7245608,3,14,Tablet,0
67,45462.99743,Male,Married,,1,11,Desktop,1
51,37775.54023,Female,Divorced,674.9871927,5,2,Desktop,0
35,18003.00447,,Divorced,530.8262739,7,5,Tablet,1
47,49451.99975,Other,Married,651.2940249,3,1,Desktop,0
32,51926.77606,Female,Single,658.5567826,3,11,Mobile,1
44,65987.91498,Female,Married,611.203932,8,2,Desktop,0
68,61931.57379,Other,Single,676.5886742,3,6,Mobile,1
51,62134.29349,Other,Single,,1,3,Tablet,1
69,35389.45665,,Single,669.8219704,5,4,Desktop,1
55,56892.45959,Male,Single,687.3972853,12,1,Tablet,0
50,73738.90948,Other,Married,687.4364834,4,5,Desktop,0
41,55698.01776,Male,Divorced,721.1774345,6,4,Mobile,0
32,77428.9042,Other,Divorced,673.6827632,3,8,Desktop,1
47,80284.49167,Other,Divorced,616.6071481,6,3,Tablet,1
59,45972.97595,Male,Divorced,604.6546969,8,10,Mobile,1
68,39545.90382,Male,Divorced,575.5683873,7,1,Desktop,1
34,38578.06752,Female,Divorced,660.582575,5,14,Tablet,1
22,27257.9627,Female,Married,,3,13,Tablet,1
46,42223.95651,Female,Single,,5,10,Desktop,1
21,68114.98175,Other,Divorced,681.4725773,11,5,Tablet,1
27,16939.43637,Male,Married,597.3403997,3,14,Mobile,1
34,34438.19899,Other,Divorced,663.6363441,16,1,Desktop,0
27,48093.02838,Male,Divorced,738.154299,5,11,Mobile,1
34,36842.22199,Other,Single,698.0373581,0,5,Tablet,0
37,42090.71084,Female,Single,540.0431577,5,9,Tablet,1
41,42315.05488,Female,Single,,5,5,Tablet,0
22,46136.8967,Female,Divorced,693.1358045,3,2,Mobile,1
51,39058.17956,Other,Divorced,662.1440881,1,13,Tablet,0
23,37831.80179,Male,Divorced,696.7265479,4,2,Desktop,1
19,64014.64619,Male,Single,591.6548572,5,10,Desktop,1
30,65744.81267,Female,Married,654.4284208,2,9,Tablet,1
60,29291.84982,Female,Divorced,,4,12,Desktop,0
60,8606.039011,Female,Divorced,721.3964638,7,14,Mobile,1
65,65950.62274,Female,Divorced,688.3631482,4,5,Mobile,0
28,31567.99372,Male,Married,588.1903344,6,11,Tablet,0
68,53191.17258,Other,Divorced,577.1675361,6,8,Desktop,0
64,26514.9219,Other,Married,658.0180572,7,10,Desktop,0
40,69466.32478,Other,Divorced,662.6541967,8,4,Tablet,0
33,88155.01843,Other,Married,642.9739759,4,2,Mobile,1
48,,Female,Divorced,593.6650515,6,4,Tablet,0
28,48588.46027,Female,Single,680.5872753,5,12,Desktop,0
33,45167.90637,Female,Single,657.7115744,6,11,Desktop,0
25,61726.98967,,Single,670.2877022,4,4,Tablet,0
21,58515.30126,,Single,691.5403632,2,11,Mobile,1
57,65052.4768,Female,Divorced,630.8445149,2,9,Mobile,1
21,40581.25216,Male,Single,615.7869136,10,10,Tablet,1
42,55101.7656,Male,Married,727.5295726,2,11,Desktop,0
20,41862.979,Female,Single,596.9849059,4,6,Mobile,0
49,34134.26528,Male,Single,617.157806,8,10,Tablet,0
20,49384.76868,Male,Single,736.3973471,3,6,Desktop,1
44,36162.30904,Female,Divorced,,12,5,Mobile,0
46,67605.90497,Female,Single,643.0967649,2,6,Mobile,1
49,37071.19433,Female,Married,621.1621092,3,1,Tablet,0
,55453.18911,Female,Single,525.1744963,7,13,Desktop,0
68,40948.66552,Other,Single,641.3684644,3,5,Mobile,1
36,54155.94126,Other,Single,579.2564765,6,12,Tablet,0
38,42140.0514,Female,Married,667.8206303,4,6,Mobile,1
22,31141.83088,Male,Single,727.3946957,4,8,Desktop,0
35,57256.59111,Female,Married,495.0078387,0,4,Mobile,1
45,46468.76567,Female,Married,621.5158111,9,14,Desktop,0
59,54289.77411,Male,Single,681.6626263,5,5,Mobile,0
39,43567.35597,Other,Married,497.1655757,1,4,Mobile,0
38,30080.95229,Female,Divorced,743.5385752,5,7,Tablet,0
,66247.67896,Female,Single,676.5924426,3,10,Mobile,0
18,61051.36633,Other,Single,725.8248975,3,6,Desktop,1
22,41495.58537,,Married,610.5236496,7,14,Tablet,1
58,51046.6882,Male,Married,,9,4,Desktop,0
29,65630.29225,Other,Single,638.7344552,5,6,Desktop,1
43,43144.42496,Other,Divorced,799.6746333,5,13,Tablet,1
63,45471.73242,Other,Married,742.2673752,4,4,Desktop,1
51,53654.4875,Male,Married,659.264339,2,12,Mobile,1
66,43113.63405,Other,Divorced,667.808124,6,8,Tablet,0
31,62856.37995,Other,Divorced,694.4432668,8,11,Mobile,1
43,47466.4883,Male,Single,817.4088375,6,3,Mobile,1
62,38239.46188,Other,Divorced,676.7903855,4,8,Desktop,0
44,59129.58245,Other,Single,653.2171577,7,13,Desktop,0
26,32868.04026,Male,Divorced,626.2981122,7,2,Mobile,0
43,80223.17842,Female,Married,666.4440673,5,6,Tablet,0
64,73737.44545,Male,Single,608.9084727,6,8,Mobile,0
39,57702.43215,Other,Single,684.7264637,5,1,Mobile,0
64,56439.96533,Other,Single,549.7182359,5,6,Desktop,0
47,55736.62127,Other,Divorced,631.7649587,8,9,Desktop,0
60,42663.57821,Male,Married,701.4242998,7,13,Mobile,1
65,54459.64469,Other,Single,675.8386558,4,10,Mobile,0
34,36153.01084,Other,Single,617.6162766,3,10,Desktop,1
43,57557.27628,Male,Single,633.7582843,6,2,Mobile,0
53,63017.70415,Female,Single,,4,11,Desktop,0
18,44328.70849,Female,Married,565.2718813,8,13,Mobile,1
25,41073.47309,Other,Divorced,565.6784446,4,1,Tablet,0
66,31812.84463,,Married,584.9256233,4,2,Tablet,0
52,71869.3285,Other,Single,649.2525495,12,5,Mobile,1
69,42265.03949,Male,Married,555.0283353,3,6,Desktop,1
32,,Male,Single,716.7101115,4,1,Mobile,1
64,54502.33377,Female,Divorced,585.2995279,4,7,Mobile,1
39,54233.11464,,Divorced,665.704889,4,11,Desktop,1
31,61198.40144,Male,Divorced,609.4648829,3,4,Mobile,1
43,44310.0512,Other,Single,645.4152043,3,9,Desktop,0
45,32919.98092,Female,Married,537.7657863,6,6,Mobile,0
40,30295.02037,,Divorced,720.0921372,6,9,Desktop,0
31,41311.17151,Female,Single,582.6951401,5,1,Mobile,0
41,35722.24288,Female,Single,575.3648295,6,4,Tablet,0
19,45445.74942,Other,Married,816.5306309,4,2,Desktop,1
62,69613.68216,Female,Divorced,688.8015118,6,6,Tablet,1
43,44340.82691,Female,Single,717.3691486,5,4,Desktop,0
31,44335.23708,Other,Married,682.1223977,4,9,Desktop,1
68,49754.01836,Female,Divorced,,3,14,Desktop,0
24,43915.62513,Female,Married,558.52051,3,3,Desktop,1
20,48989.13146,Female,Married,629.0825729,5,1,Mobile,0
64,58113.03834,Other,Single,581.5288459,2,11,Mobile,0
40,63271.26582,Male,Single,585.7319379,3,13,Desktop,0
63,65048.198,Other,Single,539.176887,3,11,Mobile,1
60,80852.78331,Male,Married,658.0133172,3,1,Desktop,1
64,58540.39169,,Single,,8,12,Desktop,0
62,83517.18352,Male,Married,689.0695706,3,9,Tablet,1
,38352.77288,Other,Married,642.5946729,4,9,Desktop,0
55,81369.27354,Other,Single,647.1599689,9,5,Desktop,0
52,44294.35919,Female,Divorced,436.6555881,5,2,Mobile,1
68,45769.71604,Male,Divorced,620.3315205,5,9,Desktop,0
32,48201.91179,Female,Divorced,550.1326873,4,13,Desktop,0
42,46720.68933,Female,Married,659.408877,4,12,Tablet,0
54,51287.60595,Other,Married,631.8016808,1,13,Mobile,1
45,41299.57996,Male,Married,589.1486821,2,8,Mobile,0
27,62449.4326,Male,Single,657.8327693,7,13,Tablet,0
56,41707.47448,Male,Married,,4,11,Desktop,0
34,59834.15597,Male,Single,756.3036828,5,10,Tablet,0
56,72915.85429,,Single,698.049225,6,10,Mobile,1
39,44643.46445,Female,Divorced,665.1880953,6,6,Tablet,0
43,61915.75127,Other,Divorced,583.6739868,6,7,Mobile,0
61,58387.38933,Female,Divorced,574.8592617,5,12,Tablet,1
42,83793.30323,Female,Single,691.9193605,7,6,Desktop,1
34,42427.54153,Other,Single,635.9951439,7,5,Desktop,1
30,61926.07425,Other,Single,667.4555914,5,4,Mobile,1
37,25609.83362,Other,Married,718.4600367,3,7,Tablet,1
42,42562.12384,Female,Single,,10,4,Mobile,1
21,55300.89256,Female,Divorced,747.792477,3,10,Desktop,0
,70897.39954,Other,Divorced,717.8567251,8,10,Mobile,0
20,31610.99953,Other,Single,506.1891845,4,10,Desktop,1
58,61791.35961,Other,Single,814.7164714,3,9,Mobile,0
62,49051.64815,Female,Divorced,672.4963423,7,5,Tablet,1
35,27177.0852,Female,Single,616.502319,5,8,Desktop,0
64,52723.80269,Male,Divorced,686.3343557,7,12,Mobile,1
53,75637.41849,Female,Married,581.5767754,10,13,Desktop,1
64,,Female,Divorced,688.2289847,2,12,Tablet,0
39,48350.93427,Female,Married,594.4552479,6,12,Desktop,1
51,35200.41523,Other,Single,791.4251675,3,6,Tablet,0
64,42971.25602,Female,Single,654.2070136,6,4,Desktop,1
25,71482.55215,Other,Married,695.4876136,5,12,Tablet,1
57,45927.13287,Male,Single,594.975443,3,3,Desktop,0
66,71023.48606,Male,Married,707.1547217,6,11,Tablet,1
61,66635.81072,Other,Single,649.1193956,4,6,Mobile,0
36,44558.9313,Other,Divorced,551.1703804,6,1,Mobile,0
59,42461.00809,Other,Single,633.2866096,3,2,Desktop,0
58,36560.0179,Female,Divorced,785.1777748,3,7,Tablet,0
54,36036.78209,Male,Divorced,710.1283918,5,4,Mobile,0
23,55298.11092,Other,Married,623.4717452,7,5,Desktop,1
69,49703.22027,Female,Single,519.1583967,4,11,Mobile,1
43,40645.91848,Male,Married,591.7256175,9,10,Tablet,0
51,26768.55617,Female,Single,551.5468197,3,1,Desktop,1
62,51592.68152,Male,Divorced,520.8494395,8,2,Tablet,0
23,42956.71731,Female,Divorced,704.9913791,4,4,Tablet,1
54,47070.53457,Male,Single,654.3671177,5,8,Tablet,0
50,54569.92743,Male,Single,775.6575914,8,10,Mobile,1
39,12472.95708,Female,Married,580.1650671,5,4,Desktop,0
38,27000.88094,Other,Single,649.8403346,5,14,Tablet,1
23,,Male,Single,552.4077954,4,3,Mobile,0
23,42400.8424,Other,Single,608.3588647,5,3,Tablet,0
65,12238.50346,Female,Married,634.4523027,6,12,Mobile,1
21,28250.89731,Other,Single,623.7742223,5,5,Desktop,0
47,87267.01053,Other,Divorced,653.7478441,6,3,Desktop,0
28,39455.0381,Other,Married,718.0126694,7,8,Desktop,1
47,,Other,Married,710.649231,4,5,Desktop,1
48,51816.76998,Other,Divorced,596.1465791,6,12,Tablet,0
41,42725.49444,Male,Divorced,647.8752115,3,14,Mobile,0
26,61631.68206,Male,Divorced,705.5867462,4,12,Desktop,0
20,14234.64987,Male,Single,722.5015555,7,14,Tablet,0
68,,Female,Divorced,603.7190321,6,7,Desktop,1
48,42614.73482,Other,Single,699.5715118,2,11,Desktop,0
,29856.43403,,Married,673.1802556,7,8,Desktop,0
54,41288.33317,Female,Married,575.3807621,8,5,Mobile,1
53,62805.69569,Male,Divorced,706.0110574,3,8,Mobile,1
41,51982.05082,Male,Single,660.6080246,7,12,Mobile,0
48,69959.25553,Other,Divorced,528.1026576,6,3,Desktop,1
23,52930.62927,Female,Divorced,629.4302508,9,14,Tablet,1
19,64886.91247,Other,Single,652.7900279,5,12,Tablet,1
37,49038.9455,Other,Divorced,,6,7,Tablet,0
45,41145.86775,Male,Married,735.9759898,4,8,Desktop,0
,72208.52083,Other,Divorced,738.5127943,4,7,Mobile,0
21,39359.74568,Female,Single,623.2256889,6,14,Tablet,1
32,55157.67235,Other,Single,615.5442135,4,2,Desktop,0
23,61533.46045,Other,Married,640.8135729,5,8,Desktop,0
66,62622.39057,Other,Single,635.9943604,2,6,Tablet,0
47,32518.35995,Male,Single,608.5248674,4,10,Tablet,1
55,65779.25609,Female,Married,390.3842373,5,3,Desktop,0
68,35315.67131,Male,Divorced,772.8368313,6,4,Tablet,0
19,62160.55483,Male,Married,650.0292575,5,7,Desktop,0
32,58027.60207,Male,Divorced,637.5182922,8,3,Tablet,0
28,62279.45993,Male,Married,672.7618391,2,1,Mobile,1
25,31924.94718,Male,Divorced,644.3959576,3,6,Desktop,0
43,58818.94614,Female,Married,619.8778909,6,3,Mobile,0
,66283.90515,Other,Divorced,579.604781,6,11,Tablet,1
62,52900.93675,Male,Married,521.2971056,6,10,Desktop,1
61,37720.74981,Male,Divorced,555.1934749,3,6,Tablet,1
22,63796.21421,Female,Married,571.8328153,7,10,Desktop,1
23,51708.79442,Female,Single,695.5645511,7,12,Tablet,1
43,24883.33604,Other,Divorced,700.7236203,3,3,Mobile,0
21,36557.15807,Female,Married,588.2740627,4,6,Mobile,1
36,42105.58203,Other,Divorced,463.5442102,2,11,Tablet,1
37,72587.27431,Male,Divorced,650.6384504,7,4,Mobile,1
50,69952.74629,Male,Married,620.4920449,7,13,Mobile,0
37,,Other,Divorced,,7,4,Tablet,0
66,53485.40417,Female,Married,716.9156233,5,10,Desktop,0
29,63703.92188,Other,Single,659.7056838,6,10,Tablet,1
64,32888.30887,Female,Divorced,581.6534246,5,11,Desktop,0
18,50102.04648,Male,Single,565.5510876,3,2,Mobile,1
43,,Female,Divorced,631.617205,3,14,Mobile,1
31,33876.51414,Other,Divorced,586.5511066,8,4,Mobile,0
55,53148.68134,Other,Divorced,644.9321663,6,11,Mobile,0
54,75299.58779,Male,Married,721.8299431,10,12,Mobile,0
28,58381.54677,Female,Single,553.4152312,7,4,Desktop,1
53,63763.1781,Female,Divorced,656.1445604,10,11,Desktop,0
30,13213.89615,Female,Married,714.0534988,5,7,Desktop,0
60,73369.53274,Male,Divorced,643.9668865,6,5,Tablet,0
20,47208.16478,Female,Married,700.5106627,5,8,Mobile,0
50,38469.70529,Other,Divorced,629.8909256,4,7,Mobile,0
23,47380.43222,Female,Single,661.9579656,5,10,Mobile,1
67,27724.66763,Male,Single,680.8549453,6,9,Tablet,1
27,65719.13093,Female,Divorced,609.9598293,3,8,Tablet,0
,44969.06416,,Married,789.3473212,5,9,Tablet,1
40,38920.53782,Other,Divorced,690.4306126,3,1,Mobile,1
27,47479.17401,Female,Married,741.2089849,2,10,Desktop,1
61,,Other,Divorced,724.9716762,6,13,Tablet,0
19,51971.87601,Other,Married,672.9102488,5,12,Tablet,1
30,28854.59346,Male,Single,747.0052596,5,3,Desktop,0
57,56974.71245,Other,Divorced,663.1540298,7,5,Tablet,1
19,36065.30069,Other,Single,598.9157302,7,9,Desktop,0
37,17658.48453,Male,Single,651.0373462,8,8,Mobile,1
18,72440.10819,,Divorced,579.5683161,3,14,Desktop,1
54,56858.44812,Male,Divorced,502.880697,9,10,Desktop,0
26,48825.94004,Female,Married,590.322043,5,7,Mobile,0
34,44815.85728,Male,Married,655.1017073,6,2,Tablet,1
26,70956.19251,Other,Single,724.334735,2,11,Mobile,0
28,96307.32725,Male,Married,590.1136557,8,6,Tablet,0
32,56731.70778,Other,Married,720.7113717,4,4,Tablet,0
41,34555.47977,Female,Divorced,565.252191,3,5,Desktop,0
55,47683.01722,Male,Married,585.6334274,7,14,Mobile,1
52,56458.59008,Female,Single,751.4409622,8,5,Desktop,0
47,14757.0754,Other,Married,653.3334714,10,13,Mobile,1
48,55017.48803,,Single,637.8464638,4,4,Mobile,1
66,56546.37694,Female,Divorced,666.4695993,4,4,Desktop,0
22,69895.13297,Male,Single,565.5517724,3,4,Tablet,0
61,68331.84954,Male,Married,626.840631,6,11,Tablet,0
67,51667.5824,Other,Divorced,650.1862811,10,2,Mobile,0
,72719.5536,,Married,736.1966655,7,1,Tablet,1
28,80535.17479,Female,Divorced,533.0708002,3,12,Desktop,1
26,50419.27183,Male,Divorced,773.4093221,8,2,Desktop,0
51,56272.80618,Male,Married,641.2746583,4,7,Desktop,1
29,23490.5397,Male,Married,572.2610626,6,12,Mobile,0
52,28235.40106,Female,Divorced,559.5855699,7,1,Mobile,1
52,37427.05529,Male,Divorced,669.1204522,1,6,Tablet,1
18,43345.72543,Male,Married,555.6953364,4,4,Desktop,1
,33558.15463,Other,Single,610.7913518,9,2,Desktop,0
39,49460.06882,Male,Married,632.5067857,5,3,Mobile,0
46,43794.36248,Male,Divorced,730.0573018,2,7,Mobile,1
25,66063.42847,Female,Married,,8,6,Mobile,0
28,42878.39532,Female,Single,604.9905327,4,6,Desktop,0
58,,Other,Married,635.1121781,9,8,Desktop,1
54,51886.26759,Male,Divorced,538.323057,4,8,Tablet,0
31,49787.02963,Other,Married,507.2633141,4,6,Desktop,0
,37069.25178,Female,Divorced,563.9663287,5,1,Tablet,1
52,51424.99825,Other,Divorced,728.6168153,5,10,Tablet,1
38,33871.03118,Female,Married,704.6056506,3,13,Desktop,1
54,54947.5993,Other,Divorced,676.8405384,8,7,Tablet,1
22,89493.86655,,Divorced,547.9662859,5,8,Tablet,0
36,22915.91791,Male,Single,600.1838296,4,5,Mobile,0
31,42256.36869,Other,Single,589.952528,5,13,Desktop,1
43,39852.42318,Male,Single,638.3801141,4,11,Tablet,1
21,43501.10175,Male,Single,633.966251,6,4,Tablet,0
42,,Male,Divorced,579.86302,3,7,Tablet,0
62,58142.39839,Male,Married,674.4451766,5,12,Desktop,0
59,62731.49754,Other,Divorced,666.0262466,8,12,Mobile,1
42,50457.43257,Female,Divorced,598.9823831,7,11,Mobile,1
35,30168.5102,Female,Divorced,671.2994874,4,13,Desktop,1
57,33279.71958,Female,Married,728.6999758,7,6,Desktop,1
25,61193.89561,Other,Single,749.9642544,5,12,Desktop,0
56,,,Divorced,684.346351,4,6,Desktop,1
57,68903.11109,Female,Divorced,682.288756,3,14,Mobile,1
31,54398.93155,Other,Single,633.190276,6,3,Tablet,0
49,32254.7751,Male,Divorced,722.0799027,2,11,Tablet,1
68,42171.47279,Female,Married,575.0753984,5,10,Desktop,0
55,58472.21225,Male,Divorced,713.96951,5,4,Desktop,1
,60654.98744,Female,Divorced,629.8676686,4,5,Tablet,0
40,62826.62948,Female,Single,754.3655779,8,9,Mobile,0
,34272.1383,Female,Divorced,691.1744485,2,8,Desktop,0
50,31984.54751,Male,Divorced,645.2493638,6,3,Desktop,1
42,47152.9622,Other,Married,633.4458646,4,6,Mobile,1
34,71601.10275,Male,Single,686.7928998,6,10,Mobile,1
50,39591.97519,Female,Single,683.3987043,2,1,Mobile,1
64,56824.57836,Male,Married,622.1159897,5,3,Desktop,1
19,56825.91708,Other,Divorced,656.4285031,3,10,Mobile,1
31,61411.59125,Male,Single,712.7473061,7,14,Desktop,0
57,74966.60381,Other,Single,554.5650619,3,12,Desktop,1
57,73428.59637,Other,Divorced,700.8114754,4,7,Mobile,1
68,41080.91249,Male,Divorced,686.4850205,4,7,Tablet,0
56,18531.56838,Female,Single,733.0653233,6,2,Mobile,0
68,39822.05997,Other,Divorced,599.9042409,6,3,Tablet,1
23,51135.08441,Male,Single,650.400126,8,7,Mobile,0
23,44575.32083,Other,Divorced,664.3547863,5,12,Mobile,1
20,79518.48414,Female,Divorced,701.7157562,2,6,Desktop,0
24,50281.70456,Male,Married,680.038185,9,13,Desktop,1
68,59805.6782,Male,Divorced,563.2311431,4,7,Desktop,0
25,53258.21464,Male,Married,670.3730823,7,10,Desktop,0
59,44800.50225,Female,Divorced,790.2960142,3,9,Desktop,1
69,21127.82483,Other,Single,692.8230303,8,8,Desktop,1
32,48820.73542,Male,Single,764.6632861,2,6,Desktop,0
64,98819.7094,Other,Divorced,723.0142964,2,12,Tablet,0
46,31333.124,Other,Divorced,,5,14,Tablet,0
50,22776.90433,Female,Single,671.6978063,2,4,Desktop,0
69,79045.83954,Male,Divorced,686.5291577,9,14,Tablet,1
47,61131.24455,Other,Married,667.886243,7,13,Mobile,0
56,52811.29821,Male,Married,650.3038606,5,10,Tablet,0
44,70440.10794,Male,Married,701.9536486,3,9,Desktop,1
53,37527.47086,Female,Married,,4,7,Tablet,1
46,48401.07859,Male,Married,781.9767621,6,5,Mobile,1
55,64327.31175,Male,Divorced,585.0390923,5,2,Tablet,1
50,81655.31552,Other,Divorced,706.7971684,2,9,Desktop,1
54,32471.83528,Female,Married,746.5069992,5,14,Mobile,1
44,69211.01688,Male,Divorced,637.6364772,6,7,Mobile,0
50,,Other,Divorced,572.0915882,5,9,Tablet,0
21,52445.91601,,Married,730.8870712,6,11,Mobile,0
39,49884.06167,Female,Divorced,664.2376717,6,9,Mobile,1
19,,Other,Divorced,706.9321251,2,10,Mobile,1
27,64446.33497,Other,Divorced,642.3381781,4,5,Desktop,0
22,38265.9647,Other,Married,771.2347278,6,7,Mobile,0
27,33804.63946,Other,Divorced,501.8094363,2,5,Tablet,1
50,63281.88438,Other,Single,676.3324286,4,3,Tablet,1
55,61837.01038,,Single,743.9224639,3,10,Mobile,0
30,51185.00125,Male,Married,657.3737331,3,8,Tablet,0
48,66193.15431,Female,Single,671.1651085,3,8,Mobile,0
64,71389.04872,Male,Married,619.6191731,4,9,Tablet,0
53,69623.36117,Male,Single,651.4481956,6,11,Mobile,0
62,42075.8154,Male,Single,532.9700371,3,14,Mobile,1
41,65211.57397,Other,Single,,7,12,Mobile,0
69,53174.61466,Female,Married,594.9271411,3,6,Desktop,0
32,75888.61656,Female,Married,696.8386794,3,2,Tablet,1
46,48144.07496,Female,Divorced,610.0041168,11,3,Mobile,0
25,44652.92544,Female,Married,612.0267115,2,13,Desktop,1
22,40793.04685,Male,Single,623.5453648,8,11,Desktop,1
46,52839.31841,Male,Single,597.5948708,10,12,Mobile,0
64,57000.88201,Other,Married,668.8315588,4,10,Mobile,0
21,57289.43424,Female,Married,676.4342029,5,11,Mobile,1
29,55237.5881,Male,Married,707.7513006,5,6,Mobile,1
62,60065.55519,Male,Divorced,695.6925058,4,1,Mobile,1
19,46661.87246,Other,Single,688.6930421,8,14,Tablet,0
44,36912.27027,,Divorced,626.9722166,11,2,Mobile,0
48,35602.58005,Other,Divorced,622.4827375,7,8,Mobile,0
68,64625.76643,Male,Single,589.0152298,5,11,Tablet,0
,57054.83466,Male,Single,587.7529418,7,8,Desktop,0
53,22162.43344,Other,Married,663.5982987,4,6,Tablet,1
53,66451.3014,Female,Married,,5,3,Desktop,0
43,78206.5272,Other,Divorced,752.7826893,3,14,Desktop,0
60,39261.24724,Other,Married,647.3749424,8,2,Tablet,1
44,55042.40069,,Married,755.0973075,2,13,Mobile,0
22,,Other,Single,690.0236938,7,6,Desktop,0
37,59424.60388,Male,Single,595.5934496,2,1,Mobile,0
28,32509.86666,,Married,645.6567668,2,14,Tablet,1
27,48928.31514,Other,Single,532.8583361,4,10,Desktop,1
57,64719.71192,Female,Married,,6,6,Mobile,0
55,68535.67609,Female,Single,601.9962115,6,9,Desktop,0
23,56397.43728,Female,Single,572.0579394,4,7,Desktop,0
25,44914.32045,Other,Single,756.5502731,8,9,Tablet,1
40,26110.98373,Male,Single,722.1411419,8,2,Mobile,1
64,38636.75433,Other,Married,720.2127285,9,11,Mobile,0
43,42960.89893,Female,Divorced,704.7477894,5,14,Desktop,0
63,39533.99325,Female,Single,563.5577669,4,5,Mobile,0
60,50893.29452,Male,Married,621.9664355,5,9,Desktop,0
29,44871.68396,Other,Married,626.2347451,6,7,Tablet,1
43,52581.82059,Female,Single,530.3184048,3,9,Tablet,1
30,68039.40952,Male,Divorced,611.0099234,6,14,Mobile,0
57,43903.06668,Female,Single,611.7731417,9,11,Tablet,1
35,29256.99534,Male,Married,658.8199263,3,6,Tablet,1
,39474.38603,Male,Divorced,827.267132,6,7,Mobile,0
50,58753.82705,,Married,648.5372606,3,10,Desktop,0
,60169.15677,Female,Single,658.8560118,5,5,Tablet,0
57,56091.27796,Other,Divorced,632.4852809,2,6,Mobile,0
60,69511.05959,Female,Married,,5,1,Mobile,1
29,47204.55395,Other,Married,574.8257954,2,1,Mobile,0
61,80782.49222,Female,Married,782.7226247,4,2,Tablet,0
53,62272.80704,,Single,641.3088555,3,11,Tablet,0
65,12147.68795,Male,Divorced,622.3367117,6,14,Desktop,0
21,77009.87945,Female,Single,,7,4,Desktop,1
22,38495.20085,Female,Single,,6,11,Desktop,0
54,34488.48216,Male,Single,700.3475688,4,9,Desktop,0
25,57856.56665,Other,Divorced,748.3619039,8,7,Desktop,1
59,23927.29291,Female,Single,633.1060059,4,6,Desktop,0
66,39567.96153,Female,Single,793.6989129,6,1,Mobile,0
45,73356.47811,,Single,695.1004068,6,5,Desktop,0
48,58343.26368,Male,Single,695.9685982,4,11,Tablet,1
26,62183.59671,Other,Married,,6,12,Desktop,0
68,40146.34099,Other,Single,764.1514468,5,13,Tablet,0
46,26924.45002,Other,Married,668.328729,4,4,Desktop,0
31,60602.26144,Female,Single,705.7833809,6,5,Mobile,1
57,63953.84234,Male,Divorced,747.7439045,6,11,Mobile,0
,63274.90079,Male,Married,568.6732247,7,9,Tablet,0
39,53136.03845,Other,Married,528.934832,6,12,Desktop,0
28,35493.97635,Female,Married,645.9712256,6,3,Mobile,1
40,86566.54382,Other,Married,527.255605,8,4,Mobile,1
18,57196.81164,Female,Divorced,628.0203433,6,8,Desktop,0
63,47391.70038,Female,Single,672.0061474,7,3,Tablet,0
54,47458.26144,Female,Married,630.7052864,3,13,Tablet,1
38,52243.96217,Female,Divorced,640.0884866,2,3,Tablet,0
43,66044.12393,Male,Married,579.883344,5,13,Mobile,1
63,52844.42185,Female,Single,705.1700481,9,9,Desktop,1
53,62877.6973,Female,Married,575.5575643,3,5,Mobile,1
40,52270.96532,Other,Divorced,502.7968788,2,10,Mobile,0
18,48314.69163,Other,Single,635.4862859,5,1,Mobile,1
68,59618.7559,Male,Divorced,714.0513947,1,7,Mobile,1
57,59049.29051,Other,Single,655.5881554,4,7,Desktop,0
32,47455.48821,Female,Single,568.4642089,6,6,Mobile,0
38,38761.89563,Other,Single,657.1365677,4,6,Mobile,0
,55125.93372,Male,Married,680.6812593,5,3,Tablet,1
26,51175.23003,Other,Divorced,656.3221684,5,3,Mobile,1
26,41676.92431,Other,Divorced,631.4791027,1,10,Desktop,0
,37363.99276,Male,Divorced,684.0227077,9,11,Mobile,1
69,56157.13766,Male,Single,528.3101168,3,9,Desktop,0
43,58251.42586,Female,Married,587.4231226,2,1,Desktop,0
58,44599.51828,Other,Single,558.6354332,6,7,Desktop,0
52,41300.94446,Female,Divorced,744.387046,5,13,Tablet,0
69,37546.17216,Other,Married,699.8422205,3,12,Tablet,0
,55733.82409,Other,Married,662.9587524,4,11,Mobile,1
43,37940.3439,Female,Married,548.4564843,5,10,Mobile,1
28,83617.01854,Other,Divorced,702.0903452,8,7,Mobile,0
55,43845.77846,Other,Married,747.0578094,3,8,Desktop,1
19,13621.78583,Other,Married,690.0046316,6,6,Desktop,1
24,49547.425,Male,Single,647.5375808,9,8,Desktop,0
35,48904.4978,Female,Single,694.2202622,7,1,Mobile,1
44,66675.77851,Male,Married,669.104128,3,1,Mobile,1
51,54321.89355,Female,Married,714.8253364,4,9,Mobile,0
44,37492.47225,Female,Single,713.2579949,4,12,Mobile,1
34,45704.1219,Other,Single,634.5254124,11,4,Tablet,1
60,54911.29657,Female,Single,603.7551032,4,3,Tablet,1
61,,Male,Divorced,622.0123942,5,6,Tablet,1
68,70079.32602,Male,Divorced,687.5095235,7,10,Mobile,1
41,,Male,Single,626.2392244,13,12,Tablet,0
42,71255.65731,Female,Married,597.4629267,8,13,Tablet,0
24,55886.97712,Male,Single,649.933264,6,12,Mobile,0
69,59443.91205,Female,Divorced,727.5219851,5,9,Tablet,0
23,67241.35154,Male,Married,659.4575647,4,10,Mobile,0
41,58596.98079,Male,Divorced,630.6647403,3,11,Mobile,1
50,60093.29324,,Married,672.4302255,9,4,Mobile,1
66,47533.75339,Male,Divorced,655.8827446,7,9,Desktop,0
46,55582.53022,Other,Married,514.6454071,9,5,Mobile,0
60,41187.53278,Female,Married,698.77314,6,13,Tablet,0
39,44848.83351,Female,Married,678.5220908,7,7,Tablet,1
43,79470.42572,Female,Married,651.1320259,4,3,Mobile,1
45,37877.09622,Other,Divorced,724.3649691,6,3,Desktop,1
67,,Female,Divorced,734.9099555,4,12,Desktop,1
38,51702.03555,Male,Married,705.9138063,2,3,Desktop,1
66,45338.68292,Male,Married,590.4789429,4,8,Tablet,1
24,57716.01405,,Divorced,592.9002223,5,14,Desktop,0
34,58845.83139,Female,Married,728.2134878,3,6,Desktop,1
37,36112.71225,,Married,518.5943251,6,9,Mobile,0
58,51520.35067,Female,Married,,2,9,Desktop,0
66,33764.48992,,Single,680.7878065,2,8,Desktop,1
37,61828.22927,Other,Married,527.4714585,5,1,Desktop,1
39,52647.30966,Other,Single,666.4040267,6,6,Mobile,1
45,51234.9483,Other,Married,716.8100354,4,4,Mobile,1
,59885.47023,Other,Divorced,546.0096751,2,4,Desktop,1
66,45867.34564,,Single,766.0719145,5,3,Tablet,1
24,63710.32939,Male,Single,579.3118947,7,12,Tablet,1
18,35773.32691,Other,Married,,9,9,Mobile,1
49,71178.14778,Female,Married,644.14825,5,2,Desktop,0
30,41736.33226,Other,Single,654.8660937,7,1,Tablet,0
47,24557.31398,Other,Divorced,,10,14,Desktop,1
40,45071.97637,,Divorced,738.2331074,5,10,Mobile,0
68,43370.47704,Female,Married,672.8118424,6,3,Tablet,1
36,44958.89021,Male,Divorced,,7,13,Mobile,0
49,53474.72023,Male,Divorced,561.9807946,6,4,Desktop,0
47,66467.63541,Other,Married,637.3135756,9,4,Mobile,1
46,47124.41129,Other,Divorced,664.6670468,6,6,Mobile,1
66,39625.73645,Male,Married,654.2268203,4,1,Mobile,1
62,33101.79782,Male,Single,696.6749741,7,1,Mobile,0
,42977.25813,Female,Married,636.4257021,3,2,Tablet,0
47,21682.62741,Male,Single,798.5418232,4,4,Desktop,1
33,39123.0036,Male,Single,,3,7,Tablet,0
57,68660.80844,Other,Divorced,448.1091895,5,6,Desktop,1
36,37649.61193,Male,Divorced,655.8940706,2,11,Desktop,0
35,59430.73791,Other,Divorced,738.3024789,3,9,Desktop,1
18,31602.76865,Male,Married,585.3685729,3,7,Desktop,0
31,76566.43849,Female,Divorced,580.9271368,7,12,Desktop,1
68,77564.101,Male,Single,591.1727206,4,5,Tablet,1
64,58865.32335,Male,Divorced,574.6466233,7,6,Desktop,1
67,79868.78902,Male,Divorced,616.44188,5,10,Mobile,0
19,55336.89462,Other,Married,713.6508058,3,9,Tablet,1
45,61527.75671,Female,Married,756.843291,7,1,Tablet,0
66,68929.00815,Male,Single,480.3024773,4,11,Desktop,1
67,52695.7768,Other,Married,623.5081742,4,9,Mobile,1
47,26714.33808,Female,Divorced,671.1888596,5,6,Mobile,1
55,61834.45033,Other,Married,664.1874854,3,12,Desktop,0
68,42922.10608,Other,Single,782.9957767,6,4,Desktop,0
21,44037.05269,Female,Divorced,509.2514263,9,12,Mobile,0
18,,,Single,468.7655246,3,5,Tablet,1
25,58494.2132,Other,Married,794.3548767,2,13,Tablet,0
46,52252.01951,Other,Married,702.7403585,2,1,Desktop,1
56,59535.94304,Male,Single,610.0039889,7,7,Tablet,1
20,39397.14299,Male,Divorced,662.0119141,5,13,Tablet,1
49,49359.44308,Female,Married,667.0252336,8,13,Mobile,1
27,62736.28176,Female,Married,608.3135447,6,8,Tablet,1
27,76591.86765,Female,Divorced,659.9244859,4,11,Mobile,0
36,81896.53383,Male,Married,674.8369362,4,5,Desktop,0
63,56494.65024,Other,Single,791.0871183,7,2,Desktop,1
51,62600.1474,Other,Married,717.4415856,2,8,Mobile,1
50,79723.68747,Female,Married,771.7526198,2,10,Mobile,0
,39937.45945,Male,Divorced,555.9499961,5,7,Desktop,1
,59445.49779,Other,Single,625.6961918,6,10,Mobile,1
49,61525.14424,Female,Divorced,666.9572889,6,9,Desktop,1
67,71717.92154,Other,Married,515.5229473,3,4,Desktop,1
24,32942.87929,Other,Married,732.7301537,13,11,Desktop,0
46,35908.91324,Male,Divorced,694.9546841,6,9,Desktop,1
25,,Male,Divorced,624.2989036,4,4,Desktop,0
18,55665.91493,Other,Divorced,637.166596,7,3,Desktop,0
20,66842.95931,Female,Single,737.7706822,4,11,Tablet,0
,57763.15664,Male,Married,594.3193437,9,3,Tablet,0
40,47728.80155,Other,Divorced,740.5929745,4,10,Desktop,1
25,56246.92167,Male,Married,632.3572884,4,2,Tablet,1
64,54515.66714,Male,Single,702.9197237,8,10,Mobile,1
54,76175.24645,Male,Single,656.0734944,4,3,Mobile,0
20,52484.88415,,Single,806.3235693,7,14,Desktop,0
68,44253.7488,Female,Single,587.8825327,4,8,Tablet,0
50,56744.13545,Female,Married,609.8702164,2,11,Mobile,1
,52977.27979,Female,Single,544.5712166,5,8,Mobile,1
64,,Male,Single,573.2269983,4,2,Mobile,1
,49765.21908,Other,Divorced,699.9189675,5,11,Mobile,0
51,48488.92632,Male,Single,762.0114547,2,2,Tablet,0
52,41841.92201,Female,Divorced,,4,2,Mobile,1
49,65533.74931,Female,Single,649.622595,3,10,Mobile,0
41,38214.80605,Other,Single,587.4469849,4,7,Mobile,0
31,56834.27929,Male,Divorced,712.889307,6,6,Desktop,1
49,47782.145,Female,Single,583.5978666,9,12,Mobile,0
63,51615.42508,Other,Married,555.5733786,6,11,Mobile,0
60,56176.79437,Male,Married,628.4071467,8,1,Tablet,1
33,30386.38424,Male,Single,507.6241568,4,2,Mobile,0
21,52874.91338,Female,Married,,5,14,Mobile,0
69,84334.21235,,Divorced,782.0193235,5,1,Mobile,0
54,26648.54981,Male,Single,,6,12,Desktop,0
38,49135.88054,Male,Single,566.8296133,3,11,Tablet,1
31,66848.58987,Female,Divorced,655.0283035,2,7,Tablet,1
48,54524.28872,Male,Divorced,658.6732716,2,6,Desktop,0
65,60319.50428,Female,Divorced,633.5762992,5,2,Desktop,1
35,14365.00983,Male,Single,509.7638376,3,2,Tablet,1
24,58973.74062,Female,Divorced,709.3942529,4,2,Mobile,1
27,38574.67691,Other,Divorced,618.986262,10,8,Tablet,0
24,54648.15927,Female,Married,735.4314666,4,14,Desktop,0
50,49558.47904,Female,Married,604.8627665,6,7,Mobile,1
40,84174.99544,Other,Single,718.7746037,7,1,Tablet,1
38,58200.42986,Male,Married,740.7258414,7,4,Mobile,1
36,48310.64256,Other,Married,617.3140407,6,11,Mobile,1
65,27354.60861,Female,Divorced,711.6315136,3,4,Desktop,0
36,51817.20353,Male,Divorced,557.0018725,1,7,Tablet,1
53,62348.43318,Other,Married,668.4582641,6,2,Desktop,0
46,48791.72162,Male,Married,735.5559396,6,4,Tablet,0
35,,Male,Married,686.2944992,5,1,Tablet,0
19,41411.20004,Other,Single,818.4356746,5,13,Mobile,0
18,58027.12153,Male,Single,690.2050595,3,13,Mobile,0
64,61390.81909,Other,Single,624.4310123,7,11,Mobile,0
22,,Female,Married,848.8620475,9,11,Desktop,0
37,,Male,Married,764.3590712,2,4,Mobile,1
28,57889.66338,Female,Single,537.7964707,10,11,Desktop,0
59,48174.44068,Female,Single,595.1085477,6,14,Mobile,1
19,48616.48693,Male,Married,577.3289325,6,1,Desktop,1
20,56027.38781,Other,Divorced,695.1940723,4,2,Tablet,1
40,56114.8438,Male,Single,689.9810626,5,2,Desktop,1
29,57931.52159,Female,Married,689.4416353,5,12,Desktop,1
37,34137.93212,Female,Married,535.9063378,8,10,Desktop,0
22,38752.82889,Other,Divorced,605.3335917,1,12,Tablet,0
54,72288.02413,Male,Married,639.5500322,3,3,Desktop,1
55,46691.41299,Female,Married,522.4655615,4,8,Tablet,1
47,54590.21597,Female,Single,588.9720563,4,11,Mobile,1
26,65819.99468,Female,Single,744.9503597,3,6,Mobile,0
51,56951.64609,Other,Divorced,541.2146801,11,6,Tablet,1
61,58197.83946,Female,Divorced,,7,9,Desktop,0
52,,Female,Married,726.3804365,5,8,Mobile,0
69,18250.04359,Male,Single,629.6483946,4,2,Desktop,1
39,42650.74767,Male,Divorced,604.57889,5,6,Desktop,0
61,57029.08695,Female,Divorced,708.2279336,6,1,Tablet,0
41,70814.66461,Female,Divorced,594.8581887,4,13,Mobile,0
34,50991.43339,Male,Married,598.3401435,8,14,Tablet,1
27,37329.25307,Other,Single,648.3292117,6,9,Tablet,1
,37728.70926,Other,Divorced,500.8836483,7,4,Tablet,1
63,63257.91805,Other,Single,548.5017081,5,4,Tablet,1
40,46733.39626,Other,Divorced,627.9037126,5,9,Desktop,1
49,49891.99931,Other,Divorced,683.2987223,5,3,Mobile,1
34,,Other,Single,593.8898243,1,5,Mobile,1
67,6477.14476,Other,Single,636.1672665,5,1,Mobile,1
68,80005.51267,Other,Single,537.0578414,5,6,Desktop,0
34,39033.89247,Male,Married,715.2738697,4,3,Desktop,1
31,53629.04554,Other,Divorced,665.4057631,8,1,Tablet,0
26,24429.5448,Other,Married,671.5982132,4,10,Tablet,0
57,43661.88334,Other,Single,684.1775433,5,6,Tablet,1
19,68670.3207,Female,Divorced,655.4689252,8,14,Tablet,0
62,21257.49231,Male,Married,616.1359069,4,12,Mobile,0
42,66893.00131,Male,Divorced,729.0758184,9,10,Tablet,1
56,45894.55856,Male,Married,660.9816803,8,2,Desktop,0
26,57307.4666,Other,Single,638.39964,5,8,Desktop,1
39,59862.8662,Other,Married,649.3941742,5,14,Desktop,0
60,56621.32249,Female,Divorced,647.9024453,6,13,Tablet,0
63,,Male,Divorced,637.6964077,9,11,Mobile,1
21,44531.7628,Other,Divorced,681.2274454,5,12,Mobile,0
43,28076.65734,Male,Divorced,584.4897845,6,2,Tablet,0
46,57376.94497,Female,Single,589.6046275,7,4,Tablet,1
62,75530.82731,Female,Married,689.1484583,8,14,Desktop,1
51,22633.3867,Female,Single,639.8332461,7,3,Desktop,0
40,38575.31141,Male,Single,717.9975172,3,9,Mobile,0
54,47273.37086,Other,Single,678.62153,4,2,Desktop,1
28,52600.12136,Other,Divorced,611.3160463,2,3,Desktop,0
23,63187.64452,Female,Divorced,690.2567454,5,7,Tablet,1
35,47717.00029,Other,Divorced,,5,4,Mobile,1